name,lat,lon
Maurer,40.5333,-74.25
Iharana,-13.35,50.0
Chake Chake,-5.25,39.7667
Mjimwema Terminal,-6.8167,39.3667
Delta Terminal,36.85,36.1667
Cinta Oil Terminal,-5.5,106.2333
Europa Point,36.1333,-5.35
New Harbor,43.8667,-69.4833
Dtse / Gegua Oil Terminal,-22.8167,-43.15
Sharmah,27.9333,35.25
Norsworthy,29.7333,-95.2
Minturn,44.15,-68.45
Criehaven,43.8333,-68.8833
North Point,-7.8833,-14.3667
Bongkot Terminal,8.05,102.3333
Donggala,-0.65,119.7333
Larimna,38.5667,23.2833
Hornillo,37.4,-1.55
Melilli Oil Terminal,37.1167,15.25
Al Khair Oil Terminal,19.5833,37.25
Corea,44.4,-67.9667
Margosatubig,7.5833,123.1667
Arzew El Djedid,35.8167,-0.25
Karabane,12.5667,-16.6667
Monhegan,43.7667,-69.3167
Northeast Harbor,44.3,-68.2833
Bucks Harbor,44.3333,-68.7333
Matinicus,43.8667,-68.8833
Malong Marine Terminal,4.6333,104.8167
Admiralty Bay,-62.0833,-58.4167
Melchior Harbor,-64.3167,-63.0
Grasselli,40.6167,-74.2
Aksaz Limani,36.8333,28.3833
Egina Oil Terminal,3.0667,6.7
Antsohim Bondrona,-13.0833,48.8333
Ayios Nikolaos,37.9833,23.5333
Borusan Fertilizer Jetty,40.4167,29.1
Ellefsen Harbor,-60.7333,-45.0333
Andersen Harbor,-64.3167,-62.9333
Baie Du Marigot,18.0667,-63.0833
Coles Bay Oil Terminal,18.0167,-63.0833
Zafarana Terminal,29.1667,32.6833
Suizhang Gang,40.0667,121.05
Yetagun Marine Terminal,13.05,96.85
Zeit Bay Lpg Terminal,27.8,33.5667
Tanjungredeb,2.15,117.4833
Santa Clara,7.7833,122.6833
Punta Nizao Oil Terminal,18.2,-70.2
Phsar Ream,10.5,103.6
Tanjung Gerem,-5.9667,105.9833
Ras Al Ghar,26.9,49.8667
Port Socony,40.55,-74.25
Puerto Botado,19.2,-69.45
Port Lockroy,-64.8167,-63.5
Tarempah,3.2167,106.2167
Tahuna,3.6167,125.4833
Scotia Bay,-60.75,-44.7167
Port Est,-20.9333,55.3167
Vrakhonisis Kallonis,39.0833,26.0833
Port Methanier,36.8833,6.95
Puerto Este,16.0833,-86.9
Port Du Havre-Antifer,49.65,0.15
Pemaquid Beach,43.8667,-69.5333
Porto Di Malamocco,45.3333,12.3167
Psvm Terminal,-6.25,10.7333
Port Ouest,-20.9333,55.2833
Sinco,29.7167,-95.2333
Prince Olav Harbor,-54.0333,-37.15
Robinhood,43.85,-69.7333
Port Clyde,43.9167,-69.25
Stilis,38.9167,22.6167
Stromness Harbor,-54.15,-36.7
Victoria,10.8167,-14.5667
Friendship,43.9667,-69.3333
Bucksport,44.5667,-68.7833
Houston,29.75,-95.2833
Aratu,-12.7833,-38.5
Matthew Town,20.95,-73.6833
Newburyport,42.8167,-70.8667
Ceiba Hueca,20.2167,-77.3167
Dalian,38.9167,121.6667
Elat,29.55,34.95
El Ghardaqa,27.2167,33.85
Antsiranana,-12.2667,49.2833
Mombasa,-4.0667,39.6667
Dakar,14.6833,-17.4333
Kharg Island Oil Terminal,29.2333,50.3333
Bandar-E Mahshahr,30.4667,49.1833
Itea,38.4333,22.4167
Dubrovnik,42.6667,18.0833
Livorno,43.542,10.29
Monaco,43.7333,7.4167
La Coruna,43.3667,-8.4
Le Verdon,45.55,-1.05
Astakos,38.4833,21.1
Mesolongion,38.3667,21.4167
Abu Khammash,33.0667,11.8167
M Bao Oil Terminal,14.7167,-17.4
Agbami Oil Terminal,3.4667,5.5667
Andros,37.8333,24.95
Oporto,41.15,-8.6667
Lushun,38.7833,121.25
Belanak Field Terminal,4.15,106.25
Fiumicino,41.772,12.214
Chinde,-18.5667,36.5
Maintirano,-18.0667,44.0167
Maroantsetra,-15.45,49.8167
Kendari,-3.9667,122.5833
Choshi,35.7333,140.85
Amagasaki,34.7,135.3833
Dhekelia,34.9667,33.7167
Ashdod,31.8167,34.65
Mostaganem,35.9333,0.0833
Greater Plutonio Terminal,-7.8333,12.1
Krabi,8.0667,98.9167
Antalya Offshore Terminal,36.8167,30.6
Antalya,36.8333,30.6167
Arzew,35.85,-0.3
Kuantan New Port,3.9667,103.4333
Achladi,38.9,22.8167
Lajes,38.4,-28.2667
Alicante,38.3333,-0.4833
Iraklion,35.35,25.15
Venterminals,10.4833,-68.0333
Norfolk,36.85,-76.3
Ishigaki,24.3333,124.1667
Greenport,41.1,-72.3667
Villefranche,43.7,7.3167
Searsport,44.45,-68.9167
Porto Di Oristano,39.8667,8.55
Toulon,43.1,5.9167
Praia De Vitoria,38.7167,-27.05
Ortona,42.35,14.4167
Rockport,44.1833,-69.0667
Vila Real De S Antonio,37.1833,-7.4
Sarroch Oil Terminal,39.0833,9.0333
Winter Harbor,44.3833,-68.0833
Ponta Delgada,37.7333,-25.6667
Taranto,40.4667,17.2
New Castle,39.65,-75.5667
Tanger,35.7833,-5.8167
Pebane,-17.2667,38.15
Stratoni,40.5167,23.8333
Yerakini,40.2667,23.4667
Plomarion,38.9833,26.3667
Ploce,43.05,17.4333
Tsingeli,39.1667,22.85
Santo Antonio,1.65,7.45
Saltpond,5.2,-1.05
Saiki Ko,32.9667,131.9333
Zamboanga,6.9,122.0667
Ras Gharib,28.35,33.1
Pulupandan,10.5167,122.8
Portsmouth,36.8167,-76.3
Ujung Pandang,-5.1333,119.4
Philadelphia,39.95,-75.1333
Tanjungpandan,-2.75,107.6333
Uwajima Ko,33.2167,132.5667
Salem Nj,39.6667,-75.4833
Isthmus Cove,33.45,-118.5
Yerbabuena Island,37.8167,-122.3667
Ventura,34.2833,-119.2833
Prisoners,34.0167,-119.6833
Ireland Island,32.3167,-64.8333
Clifton Pier,25.0,-77.55
Girassol Terminal,-7.65,11.6833
Dalia Terminal,-7.6833,11.7667
Port Foster,-62.95,-60.6333
Guangzhou,23.1167,113.2333
Ghazaouet,35.1,-1.8667
Alger,36.7667,3.0667
Annaba,36.9167,7.7667
Famagusta,35.1167,33.9333
Larnaca,34.9167,33.65
Jucaro,21.6167,-78.85
Collo,37.0,6.5833
Djen-Djen,36.8167,5.8833
Jijel,36.8333,5.7833
Longkou Gang,37.6333,120.2833
Jinzhou Wan,40.75,121.1
Kyrenia,35.35,33.3333
Media Luna,20.15,-77.4333
Dellys,36.9167,3.9167
Huangpu,23.0833,113.4167
Huludao Gang,40.7,120.9833
Bayuquan,40.3,122.0833
Skikda,36.8833,6.9167
Tenes,36.5333,1.3167
Sint Michelsbaai,12.1333,-69.0167
Porto Grande,16.8833,-25.0
Ras Shukhier,28.1333,33.2833
Ras Badran Oil Terminal,28.95,33.1667
Penglai,37.8167,120.8333
Wadi Feiran,28.75,33.2
Sharm El Sheikh,27.85,34.2833
Ras Sudr,29.5833,32.7
Tunas De Zaza,21.6333,-79.55
Weihai,37.5,122.1
San Pedro De Macoris,18.45,-69.3167
Ceuta,35.9,-5.3167
Nice,43.7,7.2833
Fos,43.4167,4.8833
Cadiz,36.5333,-6.3
Huelva,37.25,-6.95
Ferrol,43.4833,-8.2333
Gijon,43.55,-5.6667
Bayonne,43.5,-1.4667
Nantes,47.2,-1.5667
Donges,47.3,-2.0667
Deauville,49.3667,0.0833
Algeciras,36.1333,-5.4333
Aviles,43.6,-5.9333
Motril,36.75,-3.5167
Almeria,36.8333,-2.4667
El Grao,39.9667,0.0167
Ibiza,38.9,1.45
Bonifacio,41.3833,9.1667
Concarneau,47.8667,-3.9167
Fecamp,49.7667,0.3667
Montoir,47.3,-2.1333
Adra,36.7333,-3.0333
Aguilas,37.4,-1.5667
Puerto De Gandia,39.0,-0.15
Port De Caen,49.1833,-0.35
Santander,43.4667,-3.7833
Torrevieja,37.9667,-0.6833
Saint-Raphael,43.4167,6.7667
Puerto De Garrucha,37.1833,-1.8167
Rota,36.6167,-6.3333
Ouistreham,49.2833,-0.25
Santa Cruz De La Palma,28.6833,-17.75
Port-de-Bouc,43.4,4.9833
Port-La-Nouvelle,43.0167,3.0667
Iwakuni Ko,34.1833,132.25
Muntok,-2.0667,105.1667
Manfredonia,41.6167,15.9167
Civitavecchia,42.102,11.771
Korcula,42.9333,17.1333
Aigio,38.25,22.0833
Maddalena,41.208,9.403
Imperia,43.8833,8.0333
Marsala,37.7833,12.4333
Mazara Del Vallo,37.644,12.592
Banten,-6.0167,105.9667
Kupang,-10.1667,123.5833
Khorramshahr,30.4333,48.1833
Anyer Lor,-6.05,105.9167
Ampenan,-8.5667,116.0667
Dugi Rat,43.45,16.65
Nisos Naxos,37.1,25.3667
Imari,33.2833,129.8833
Hososhima Ko,32.4333,131.6667
Aokata,32.9833,129.0667
Izuhara,34.2,129.3
Komatsushima,34.0167,134.6
Matsu-Shima,32.9333,129.6
Rethimnon,35.3667,24.4667
Trujillo,15.9167,-85.95
Soudha,35.4833,24.1833
Piraievs,37.9333,23.65
Rijeka Luka,45.3333,14.4333
Umag,45.4333,13.5167
Surabaya,-7.2,112.7333
Susaki Ko,33.3833,133.3
Tsukumi Ko,33.0833,131.8667
Tachibana,33.8667,134.6667
Pangkalpinang,-2.1167,106.1333
Udang Oilfield,4.0333,106.4833
Umm Qasr,30.0167,47.95
Sakaiminato,35.5333,133.2333
Tanjung Sekong,-5.9167,106.0
Tanabe Ko,33.7167,135.3667
Yahata,33.8667,130.8167
Crotone,39.078,17.136
Porto Di Barletta,41.334,16.292
Bari,41.146,16.846
Ancona,43.629,13.494
Bandar Khomeyni,30.4333,49.0833
Kali Limenes,34.9333,24.8333
Kerkira,39.6167,19.9333
Napoli,40.833,14.275
Mikonos,37.45,25.3333
Kavala,40.9333,24.4
Anzio - Nettuno,41.446,12.637
Gaeta,41.223,13.577
Molfetta,41.2167,16.6
Lavrio,37.7,24.0667
Gresik,-7.15,112.65
Lalang Marine Terminal,1.1833,102.2167
Omaezaki Ko,34.6,138.2333
Hagi Ko,34.4167,131.4
Hamada Ko,34.9,132.0833
Alexandroupoli,40.8333,25.8833
Neon Karlovas,37.8,26.6833
Gavrio,37.8833,24.7333
Arbatax,39.9333,9.7
Marina Di Carrara,44.027,10.047
Argostolion,38.1833,20.5167
Katakolon,37.65,21.3167
Navplio,37.5667,22.8
Megara Oil Terminal,37.9667,23.4
Miyazu,35.5333,135.2
Yura,33.95,135.1
Sibenik,43.7333,15.8833
Ormos Aliveriou,38.3833,24.05
Spetses,37.2667,23.1667
Patrai,38.25,21.7333
Vada,43.35,10.45
Siracusa,37.05,15.2833
Torre Annunziata,40.75,14.45
Porto Di Lido-Venezia,45.4167,12.4333
Salerno,40.6667,14.75
Toboali,-3.0167,106.45
Sakai Ko,35.55,133.25
Panjang,-5.4667,105.3167
Porto Di Palermo,38.119,13.38
Portovecchio Di Piombino,42.933,10.557
General Santos,6.1167,125.1833
Nasipit Port,8.9833,125.3333
Kilifi,-3.6333,39.8667
Nacala,-14.5333,40.6667
Mocambique,-15.0333,40.7333
Nouadhibou,20.9167,-17.05
Casablanca,33.6,-7.6167
Lisboa,38.7,-9.1667
Grand Cul De Sac Bay,13.9833,-61.0167
Jose Panganiban,14.2833,122.6833
Mati,6.95,126.2167
Bugo,8.5167,124.75
Mina Ash Shuaybah,29.0333,48.1667
Al Kuwayt,29.35,47.9333
Malindi,-3.2167,40.1333
Basco,20.45,121.9667
Davao,7.0667,125.6167
Basilian City (Isabela),6.7167,121.9667
Darnah,32.7667,22.65
Az Zawiya,32.8,12.7167
Kenitra,34.3,-6.6
Agadir,30.4333,-9.6333
Al Jubayl,27.0833,49.6667
Mina Az Zawr,28.7333,48.4
Muar,2.05,102.5667
Essaouira,31.5,-9.7833
Akpo Oil Terminal,3.1333,6.8167
Kampong Saom,10.6333,103.5
Inhambane,-23.9167,35.4
Lamu,-2.2667,40.9
Akaroa,-43.8,172.9667
Figueira Da Foz,40.15,-8.85
Faro,37.0333,-7.9333
Porto De Leixoes,41.1833,-8.7
Vila Do Porto,36.9333,-25.15
Valletta Harbors,35.9,14.5167
Setubal,38.5167,-8.9
Sines,37.95,-8.8667
Porto Belo,-17.7,37.1833
Viana Do Castelo,41.7,-8.8333
Quelimane,-17.8833,36.8833
Tapis Marine Terminal A,5.5167,105.0167
Wanganui,-39.95,175.0333
Villanueva,8.5833,124.7667
Port Holland,6.55,121.8667
Ras Al Khafji,28.4333,48.5833
Port Mathurin,-19.6833,63.4167
Port Langkawi,6.4333,99.7667
Sorsogon,12.9667,124.0
Ras  Tannurah,26.6333,50.1667
Annapolis,38.9833,-76.4833
Baltimore,39.2667,-76.5833
Camden,39.95,-75.1333
Chester,39.85,-75.35
Newark,40.7,-74.15
Bayonne,40.6833,-74.1
Hoboken,40.75,-74.0167
Greenwich,41.0167,-73.6167
Bridgeport,41.1667,-73.1833
Fall River,41.7,-71.1667
Albany,42.65,-73.75
Mahdia,35.5,11.0667
Botas,36.8833,35.9333
Bonthe,7.5333,-12.5
Camden,44.2167,-69.0667
Avalon,33.35,-118.3167
Brownsville,25.95,-97.4
Galveston,29.3167,-94.7833
Beaumont,30.0833,-94.0833
Baton Rouge,30.45,-91.1833
Carrabelle,29.85,-84.6667
Key West,24.55,-81.8167
Fort Pierce,27.4667,-80.3167
Mayport,30.4,-81.4333
Elizabeth City,36.3,-76.2167
Bodrum,37.0333,27.4333
Kilwa Kivinje,-8.7333,39.4167
Davenport,37.0167,-122.2
Carpinteria,34.3833,-119.5167
Crockett,38.05,-122.2167
Erawan Terminal,9.1,101.35
Bar Harbor,44.3833,-68.2
Dikili,39.0167,26.8167
Didon Terminal,33.7833,11.9
Gabes,33.9,10.1167
La Goulette,36.8,10.3
Erdek,40.3833,27.8
Ayvalik,39.3167,26.7
Nemrut Limani Bay,38.7667,26.9167
Deer Park,29.75,-95.3333
Fethiye,36.6333,29.1
Aliaga,38.8333,26.9333
Tunis,36.8,10.25
Piran,45.5333,13.5667
Zarzis,33.5,11.1167
Toros Gubre,36.9167,35.9667
Rades,36.8167,10.3
Pattani,6.95,101.3
Elizabethport,40.65,-74.1833
Jersey City,40.7167,-74.0333
New Haven,41.2333,-72.9167
New London,41.35,-72.0833
Marcus Hook,39.8167,-75.4167
Newport News,36.9667,-76.4333
Nha Trang,12.25,109.2333
Kennebunkport,43.3667,-70.4667
Boothbay Harbor,43.8667,-69.5833
Charlotte Amalie,18.35,-64.9333
Oakland,37.8167,-122.3333
Monterey,36.6167,-121.8833
Morro Bay,35.3667,-120.85
New Orleans,29.95,-90.05
Madisonville,30.4,-90.15
Mobile,30.6833,-88.1167
Miami,25.7833,-80.1833
Alameda,37.7833,-122.2667
Caripito,10.15,-63.0333
Destrehan,29.95,-90.3667
Berkeley,37.8667,-122.3
Limetree Bay,17.7,-64.75
Marblehead,42.5,-70.85
Port Alucroix,17.7,-64.7667
Stonington,44.15,-68.6667
Port Isabel,26.0833,-97.2
Tarpon Springs,28.15,-82.7667
Portsmouth,43.0833,-70.75
San Francisco,37.8167,-122.4167
Texas City,29.3833,-94.9167
Salem,42.5167,-70.8833
Pensacola,30.4,-87.2167
Santa Barbara,34.4167,-119.6833
Rockland,44.1,-69.1
Winterport,44.6333,-68.85
Port Neches,30.0,-93.95
Rockport,28.0167,-97.05
Simonstown,-34.185,18.4367
Portland,43.6667,-70.25
South Vallejo,38.0833,-122.25
Pascagoula,30.35,-88.5667
Panama City,30.1333,-85.65
Sandypoint,44.5167,-68.8167
Saco,43.5,-70.45
West Point,37.5333,-76.8
Port Reading,40.5667,-74.2333
Port Chester,41.0,-73.6667
Providence,41.8,-71.4
Sayreville,40.4667,-74.3667
Perth Amboy,40.5,-74.2667
Yorktown,37.2333,-76.5
Edgewater,40.8167,-73.9833
Mina Salman,26.2,50.6333
Madre De Deus,-12.75,-38.6167
Ellsworth,44.55,-68.4167
Jervis Bay,-35.1167,150.8
Frenchboro,44.1167,-68.3667
Batemans Bay,-35.7,150.1667
Al-Basra Oil Terminal,29.6833,48.8167
Beni Saf,35.3,-1.3833
Porto Da Praia,14.9167,-23.5167
Port De Salvador,-12.9667,-38.5167
Porto Do Forno,-22.9667,-42.0167
Puerto De Pasajes,43.3333,-1.9333
Carteret,40.5833,-74.2167
New York City,40.7,-74.0167
Brooklyn,40.6667,-74.0167
City Island,40.85,-73.7833
Nagasaki,32.7167,129.85
Misumi Ko,32.6,130.4667
Kagoshima Ko,31.5833,130.5667
Beppu,33.3167,131.5167
Kanda,33.7833,131.0167
Niihama,33.9833,133.2833
Muturezima Ko,33.9667,130.8667
Habu Ko,34.2833,133.1833
Hibi Ko,34.45,133.9333
Aioi,34.7833,134.4667
Himeji,34.75,134.6333
Kobe,34.65,135.1833
Iloilo,10.7,122.5833
Kisarazu Ko,35.3667,139.8833
Al Rayyan Terminal,26.65,51.55
As Suways,29.9667,32.55
Dar Es Salaam,-6.8167,39.3
Mtwara,-10.2667,40.2
Beira,-19.8333,34.8333
Maputo,-25.9628,32.5447
Durban,-29.8667,31.0667
East London,-33.0333,27.9167
Oran,35.7,-0.6333
Bejaia,36.75,5.0833
Jakarta,-6.1,106.8833
Belawan,3.7833,98.6833
Durres,41.3167,19.45
Bar,42.0833,19.0833
Kotor,42.4167,18.7667
Bakar,45.3,14.5333
Brindisi,40.65,17.9833
Gallipoli,40.06,17.984
Milazzo,38.2167,15.25
Bagnoli,40.81,14.158
La Spezia,44.1,9.8333
L'ile Rousse,42.6333,8.9333
Marseille,43.3167,5.3667
Barcelona,41.35,2.1667
Cartagena,37.5833,-0.9833
Angra Do Heroismo,38.65,-27.2167
Horta,38.5333,-28.6333
Aveiro,40.65,-8.65
Marin,42.4,-8.7
Boston,42.35,-71.05
Gloucester,39.9,-75.1333
Bath,43.9167,-69.8167
La Rochelle,46.15,-1.15
La Pallice,46.1667,-1.2167
Corpus Christi,27.8167,-97.4
Orange,30.0833,-93.7333
Lake Charles,30.2167,-93.25
Morgan City,29.7,-91.2167
Loop Terminal,28.8833,-90.0167
Gulfport,30.35,-89.0833
Apalachicola,29.7167,-84.9833
Boca Grande,26.7,-82.3333
Clayton,44.2333,-76.05
Ogdensburg,44.7,-75.5
Montreal,45.5167,-73.55
Mount Desert,44.3667,-68.3333
Islas Hormigas,37.65,-0.65
Las Hormigas,41.8667,3.1833
Castellammare Di Stabia,40.7,14.476
Licata,37.092,13.936
Gemlik,40.4167,29.1167
Lhokseumawe,5.25,97.1167
Belida Marine Terminal,4.1333,105.1333
Canakkale,40.15,26.4
Iskenderun,36.6,36.1667
Hadera,32.4667,34.9
Duba Bulk Plant Tanker Terminal,27.3167,35.9
Kashima Ko,35.9333,140.7
Mishima-Kawanoe Ko,34.0,133.55
Norwalk,41.1,-73.4167
Cardinal,44.7833,-75.3833
Haymark Terminal,30.1333,-93.3167
Grand Isle,29.2333,-90.0
Kymassi,38.8333,23.4667
Gingoog,8.8333,125.1
Antibes,43.5833,7.1333
Bastia,42.7,9.45
Calvi,42.5667,8.75
Carloforte,39.147,8.317
Gela,37.0667,14.25
Catania,37.5,15.1
Brsica,45.0333,14.05
Lumut,4.2333,100.6333
Celukan Bawang,-8.1833,114.8333
Benoa,-8.75,115.2167
Kemaman Harbor,4.25,103.4667
Kuala Trengganu,5.35,103.1333
Mikindani,-10.2667,40.1333
Baraawe,1.1,44.05
Moroni,-11.7,43.25
Chiba Ko,35.5833,140.0667
Atsumi,34.6667,137.0667
Kinuura Ko,34.85,136.95
Morlaix,48.5833,-3.8333
Gardiner,44.2333,-69.7667
Cundy Harbor,43.7833,-69.9
Gamagori Ko,34.8167,137.2167
Matsusaka,34.6,136.5667
Napier,-39.4833,176.9167
Jordan,10.6667,122.5833
Butuan City,8.95,125.5333
Dagu Tanggu,38.9667,117.6667
Mudanya,40.3833,28.8833
Bandirma,40.35,27.9667
Karabiga,40.4,27.3167
Haifa,32.8167,35.0
Mersa Matruh,31.35,27.2333
Marsa Sabratah,32.8167,12.5
Kizomba A Terminal,-6.3167,11.05
Al Basrah,30.5167,47.8333
Khawr Al Zubair,30.1833,47.9
Abadan,30.3333,48.2833
Khosrowabad,30.1667,48.4167
Mergui,12.4333,98.6
Kantang Harbor,7.4,99.5167
Blanglancang,5.2333,97.1
Bengkalis,1.4667,102.1
Gulluk,37.25,27.6167
Kusadasi,37.8667,27.25
Marmaris,36.85,28.2833
Leonardo,40.4333,-74.0667
Coteau Landing,45.25,-74.2
Cornwall,45.0167,-74.7333
Lower Lakes Terminal,44.7333,-75.4667
Ensenada Honda,18.2333,-65.6333
Ashtart Oil Terminal,34.2833,11.3833
Menzel Bourguiba,37.15,9.8
Mers El Kebir,35.7333,-0.7
El Jorf Lasfar,33.1167,-8.6167
Kizomba B Terminal,-6.35,11.15
Estrela Oil Field,-6.45,12.4
Ibo,-12.3333,40.6167
Mahajanga,-15.7167,46.3
Beshayer Oil Terminal,19.4,37.3167
El Ismailiya,30.5833,32.2833
Bandar Seri Begawan,4.8833,114.8833
Katsunan Ko,35.6667,139.9833
Funabashi,35.6667,139.95
Mikawa,34.7167,137.3
Chiwan,19.9667,110.0333
Hondagua,13.95,122.2333
O0kihama,34.75,134.5667
Mizushima Ko,34.5,133.75
Hiroshima,34.35,132.4667
Kudamatsu,34.0,131.8667
Hikari,33.95,131.9333
Fukui,36.0667,136.2
Mega,34.7833,134.7
Hannan Ko,34.4667,135.35
Kochi Ko,33.5,133.5667
Marugame Ko,34.3,133.7833
Hakata,33.6,130.4
Naha Ko,26.2167,127.6833
Honfleur,49.4167,0.2167
Granville,48.8333,-1.6
Les Sables D' Olonne,46.5,-1.8
Miliana,39.1667,23.2167
Mahon,39.8833,4.2667
Cannes,43.55,7.0167
Olbia,40.925,9.528
Neum,42.9167,17.6
Kalimnos,36.95,26.9833
Gelibolu,40.4,26.6667
Masao,9.0,125.4167
Hirohata,34.7667,134.6333
Higashi-Harima,34.7,134.8333
Kakogawa,34.7,134.8333
Fukuyama,34.4333,133.4333
Onomichi-Itozaki,34.3833,133.1667
Kanokawa Ko,34.1833,132.4333
Onoda,34.0,131.1833
Oita Ko,33.25,131.6667
Minamata Ko,32.2,130.3833
Miike Ko,33.0,130.4167
Karatsu,33.4833,129.9667
Hirara Ko,24.8,125.2833
Oleum,38.05,-122.2667
Mossel Bay,-34.1747,22.1461
Sausalito,37.85,-122.4833
Port Colborne,42.8833,-79.25
Pasadena,29.7167,-95.2167
Port Manatee,27.6333,-82.5667
Sacramento,38.5833,-121.5
Tampa,27.9167,-82.45
Port Oconnor,28.45,-96.4
Walnut Grove,38.2333,-121.5167
Port Everglades,26.1,-80.1167
Port Weller,43.2333,-79.2167
Port Hueneme,34.15,-119.2
Welland,43.0,-79.25
Savannah,32.0833,-81.0833
Sorel,46.05,-73.1167
Port San Juan De La Juan,-53.6333,-70.9167
Richards Bay,-28.81,32.0983
Kokura Ko,33.8833,130.8833
Omisalj,45.2167,14.55
Messina,38.2,15.5667
Contrecour,45.8833,-73.2
Le Legue,48.5333,-2.75
Al Iskandariyh (Alexandria),31.1667,29.8333
Kingston,44.2333,-76.5
Khios,38.3667,26.1333
Ayios Nikolaos,35.2,25.7167
Limin Kos,36.9,27.2833
Fomboni,-12.2667,43.75
Huangpuxingang,23.05,113.5
Beauharnois,45.3167,-73.8833
Damietta,31.4833,31.75
Moutsamoudu,-12.15,44.4
Dzaoudzi,-12.7833,45.25
Pilos,36.9,21.6667
Xeros,35.1333,32.8333
St Nazaire,47.2833,-2.2
Zaliv Rasa,45.05,14.0667
Port Saint Louis Du Rhone,43.3833,4.8167
Pithagorion,37.6833,26.95
Rada De Arica,-18.4667,-70.3333
Port D' Ajaccio,41.9167,8.75
St Anicet,45.1333,-74.3667
Port Of Le Havre,49.4833,0.1167
Port De Propriano,41.6833,8.9
St Zotique,45.25,-74.25
Wolfe Island,44.2,-76.4333
South Lancaster,45.1333,-74.5
Zeit Bay Terminal,27.8333,33.6
Ras Abu Zanimah,29.0333,33.1167
Hibikinada,33.9333,130.8333
Nagoya Ko,35.0667,136.8667
Banghazi,32.1167,20.05
Khawr Al Amaya,29.7833,48.8
Mina Abd Allah,29.0167,48.1667
Augusta,37.2167,15.2333
Bouri Oil Field,33.9,12.65
Kamsar,10.6333,-14.6167
Benti,9.1667,-13.2
Mina Al Ahmadi,29.0667,48.1667
Jask,25.6333,57.7667
Larantuka,-8.35,122.9833
Ashqelon,31.6667,34.5
Mersa Tobruq,32.0833,23.9833
Mina Tarabulus (Tripoli),32.9,13.1833
Khawr Al Zubair Lng Terminal,30.1333,47.9167
Jazireh-Ye Hormoz,27.1,56.45
Jazireh-Ye Sirri,25.9,54.55
Kuala Tanjung,3.3667,99.4833
Mitsukojima,34.1833,132.5167
Sungaipakning,1.35,102.1667
Tg. Mani,2.15,111.35
Tanjung Sangata,0.3667,117.5667
Widuri Marine Terminal,-4.6667,106.65
Muqdisho,2.0333,45.35
Marka,1.7167,44.7833
Forcados Oil Terminal,5.1667,5.1833
Map Ta Phut,12.6667,101.1667
Saint-Pierre,-21.35,55.4667
Saint-Denis,-20.8667,55.45
Port D Al Hoceima,35.25,-3.9167
Rayong Tpi Terminal,12.6333,101.3
Banzart,37.2833,9.8833
Ad Dakhla,23.7,-15.9167
Bahia De Pertigalete,10.2333,-64.5667
Eceabat,40.1833,26.3667
Botas Dortyol Oil Terminal,36.8667,36.1333
Houmt Souk,33.8833,10.85
Mersa Sfax,34.7333,10.7667
Duong Dong,10.2167,103.9667
Tabarka,36.9667,8.7667
Bedi,22.5731,70.0456
Mundra,22.7283,69.7067
Okha,22.4681,69.0797
Chrome,40.5667,-74.2167
Bayway,40.6333,-74.2
Catskill,42.2167,-73.85
Kingston,41.9333,-73.9667
Newburgh,41.5,-74.0
Bass Harbor,44.2333,-68.35
Mare Island,38.1,-122.2667
Freeport,28.95,-95.3333
Biloxi,30.3833,-88.8833
Bristol,41.6667,-71.2667
Gretna,29.9167,-90.0667
Brooklin,44.2667,-68.5833
North Haven,44.1333,-68.8667
Deepwater Point,39.7,-75.5167
Havre De Grace,39.5333,-76.0833
Convent,30.0167,-90.8333
Isleton,38.1667,-121.6
Augusta,44.3167,-69.7667
Beverly,42.5333,-70.8833
Courtland,38.3333,-121.5667
Port St Joe,29.8167,-85.3167
St Rose,29.95,-90.3167
Port Aransas,27.8333,-97.05
Port Ingleside,27.8167,-97.1833
Swans Island,44.1333,-68.45
Santa Cruz,36.9667,-122.0167
Reserve,30.05,-90.55
Point Richmond,37.9167,-122.3667
Sorrento,44.4667,-68.1833
St. James,29.9792,-90.8275
Stockton,37.95,-121.3
South Bristol,43.8667,-69.55
Rio Vista,38.15,-121.7
Thomaston,44.0667,-69.1833
South Harpswell,43.7333,-70.0167
Pismo Beach,35.1333,-120.65
Point San Pablo,37.9667,-122.4333
Southwest Harbor,44.2833,-68.3167
Sewaren,40.55,-74.25
Pinole Point,38.0167,-122.3667
Southport,41.1333,-73.2833
Weehawken,40.7667,-74.0167
Rensselaer,42.65,-73.75
Poughkeepsie,41.7,-73.95
Yonkers,40.9333,-73.9
Kiire,31.3833,130.55
Khawr Fakkan,25.3628,56.3689
Rade De Brest,48.3833,-4.5
Lagos,37.1,-8.6167
Belfast,44.4167,-69.0
Merak Mas Terminal,-5.9192,105.9972
Mina Qabus,23.6333,58.5833
Gulfport SI,40.6333,-74.2
Cockburn Town,24.05,-74.5333
Kin Wan,26.4167,127.9
Mina Al Fahl,23.6333,58.5167
Nakagusuku,26.2667,127.9167
Port Richmond SI,40.65,-74.1333
Lorient,47.75,-3.35
Lagos,41.0,25.1333
Mariners Harbor SI,40.6333,-74.1667
Wakayama-Shimotsu Ko,34.2,135.1333
St George,32.3833,-64.6833
Dammam,26.5,50.2
Fort Bragg,39.45,-123.8167
Christiansted,17.75,-64.7
Newport Beach,33.6167,-117.9
Mersin,36.8,34.6333
El Segundo,33.9167,-118.4333
Cruz Bay,18.3333,-64.8
Dandong,39.8167,124.15
Ju Aymah Oil Terminal,26.9333,50.0333
Boosaaso,11.2833,49.1833
Al Manamah,26.2333,50.5833
Nasugbu,14.0833,120.6167
Nampo,38.7167,125.4
Ju Aymah Lpg Terminal,26.8667,50.05
Doha Harbor,29.3833,47.8
Frederiksted,17.7167,-64.8833
Covenas Offshore Term.,9.5,-75.7333
Al Mukha,13.3167,43.25
Haeju Hang,38.0,125.7
Antioch,38.0167,-121.8
Paimpol,48.7833,-3.05
Porthmos Evripou,38.4667,23.5833
Risan,42.5167,18.7
San Remo,43.817,7.786
Zadar,44.1167,15.2167
Pepel,8.5833,-13.05
Port-Vendres,42.5167,3.1167
Palamos,41.8333,3.1167
Puerto De Bilbao,43.35,-3.05
Treguier,48.7833,-3.2333
Vinalhaven,44.05,-68.8333
Port Nador,35.2833,-2.9333
Port Elizabeth,-33.9519,25.6425
Rovinj,45.0833,13.6333
Split,43.5,16.4333
Saint-Tropez,43.2667,6.6333
Thessaloniki,40.6333,22.9333
Rodhos,36.45,28.2333
Skhira,34.2833,10.1
Preveza,38.95,20.75
Vasto,42.1167,14.7167
Tangier-Mediterranean,35.9,-5.5167
Safi,32.3,-9.25
Porto Vecchio,41.5833,9.2833
Port San Luis,35.1667,-120.75
San Ciprian,43.7,-7.4333
Tarragona,41.1,1.2333
Puerto De Alcudia,39.8333,3.1333
Saint-Malo,48.65,-2.0167
Vigo,42.2333,-8.7167
Tekirdag,40.9833,27.5167
Tivat,42.4333,18.7
Samos,37.75,26.9667
Villanueva Y Geltru,41.2333,1.7333
Pula,44.8833,13.8
Puerto Del Rosario,28.5,-13.85
Shengjin,41.8167,19.6
San Feliu De Guixols,41.7833,3.0333
Savona,44.3167,8.5
Sete,43.4,3.7
Slidell,30.2667,-89.7833
Tanga,-5.0833,39.1167
Saint Helier Harbour,49.1833,-2.1167
Sitia,35.2167,26.1333
St Louis,16.0167,-16.5167
Valencia,39.45,-0.3167
Villagarcia De Arosa,42.6,-8.7667
Rosas,42.2667,3.1833
Sagunto,39.65,-0.2167
Puerto Prodeco,11.15,-74.2167
Torre Del Greco,40.7833,14.3667
Wilson Cove,33.0,-118.55
Yakacik,36.7167,36.1833
Pemba,-12.9667,40.5
Ribadeo,43.5333,-7.0333
Senj,44.9833,14.9
Tazerka Oil Terminal,36.6,11.6833
Sokch'o Hang,38.2,128.6
Tonda,34.0333,131.75
Pittsburg,38.0333,-121.8833
Tokyo Ko,35.6667,139.75
Yatsushiro Ko,32.5,130.5333
Wilmington,39.7333,-75.55
Tobata,33.9167,130.8167
Pulau Pinang,5.4167,100.35
Port Klang,3.0,101.4
Qalhat Lng Terminal,22.6833,59.4
Shimoda Ko,34.6667,138.95
Surigao City,9.7833,125.5
Saganoseki Ko,33.25,131.8667
Peng-Hu Kang,23.5833,119.5333
Ube Ko,33.9333,131.2333
Tianjin Xin Gang,38.9667,117.8333
Ras Isa Marine Terminal,15.1333,42.6
Tiverton,41.6333,-71.2167
Takuma,34.2167,133.6833
South Amboy,40.4833,-74.2667
Port Louis,16.4167,-61.5333
Paulsboro,39.85,-75.25
Tagonoura Ko,35.1333,138.7
Uleelheue,5.5667,95.2833
Pepillo Salcedo,19.7,-71.75
Port Capiz,11.6,122.7167
Uchiura,35.5167,135.5
Qinhuangdao,39.9333,119.6167
Shikama,34.7667,134.65
Port Jefferson,40.95,-73.0833
Yingkou,40.6833,122.2333
Zirkuh Oil Field,24.8667,53.05
Serangoon Harbor,1.4,103.95
Teluk Anson,4.0167,101.0167
Wakamatsu Ko,33.9,130.8167
Sitrah,26.1667,50.6667
Sasebo,33.1667,129.7167
Port San Vicente,18.5167,122.1333
Phuket,7.8333,98.4
Sakaide Ko,34.3333,133.85
Toba,34.4833,136.85
Point Murat,-21.8167,114.1833
Yantai,37.55,121.45
Sakai-Senboku,34.55,135.4333
Sabang,5.8833,95.3167
Pelabuhan Sungai Udang,2.25,102.1333
Warrnambool,-38.4,142.4833
Takamatsu,34.35,134.05
Stamford,41.0333,-73.55
Tokuyama,34.0333,131.8167
Troy,42.7333,-73.7
Yokkaichi,34.9667,136.6333
Shibushi Wan,31.4667,131.1
Uraga Ko,35.2333,139.7167
Pelabuhan Bass,6.3167,99.8333
Zhen Hai,29.95,121.7
Santa Cruz (Marinduque Isl),13.5,122.0667
Sokhna Port Gas Tanker Terminal,29.6833,32.3667
Tateyama Ko,35.0,139.8
Uno Ko,34.4833,133.95
Yanai,33.95,132.1333
Osaka,34.65,135.4333
Shimizu Ko,35.0167,138.5
Shimonoseki,33.9333,130.9333
Tanjung Santan,-0.1,117.5333
Miseno,40.7882,14.0911
Scalo Vecchio,35.855,12.863
Porto Di Chioggia,45.2333,12.3
Civitanova Marche,43.316,13.734
Levanzo,37.987,12.341
Porto Di Corsini,44.495,12.291
Grado,45.697,13.298
Ischia,40.748,13.944
Villa San Giovanni,38.222,15.63
Bisceglie,41.246,16.509
Trani,41.2834,16.4237
Rimini,44.081,12.574
Ponza,40.895,12.964
Vibo Valentia Marina,38.723,16.13
San Vito Lo Capo,38.181,12.736
Porto Ercole,42.404,11.213
Giardini Naxos,37.828,15.273
Termini Imerese,37.985,13.723
Fano,43.857,13.017
Terracina,41.283,13.258
San Benedetto Del Tronto,42.96,13.892
Chiavari - Lavagna,44.305,9.326
Viareggio,43.862,10.234
San Felice Circeo,41.226,13.097
Corigliano Calabro,39.672,16.529
Ciro Marina,39.372,17.136
Monopoli,40.955,17.308
Riposta,37.735,15.209
Castellammare Del Golfo,38.032,12.885
Mola Di Bari,41.062,17.1
Pozzuoli,40.824,14.11
Cala Pozzolana,35.864,12.852
Forio,40.742,13.859
Porto Torres,40.852,8.396
Porto Empedocle,37.278,13.528
Pescara,42.464,14.236
Otranto,40.152,18.493
Favignana,37.933,12.324
Procida,40.77,14.031
Formia,41.254,13.614
Senigallia,43.724,13.221
Trapani,38.012,12.506
Rada Di Vado,44.265,8.453
Marettimo,37.966,12.075
Porto Vesme,39.194,8.384
Reggio Di Calabria,38.129,15.65
Casamicciola,40.752,13.912
Cesenatico,44.208,12.408
Porto Santo Stefano,42.44,11.122
Tompkinsville SI,40.6333,-74.0667
Lampedusa,35.494,12.601
Tsuruga Ko,35.65,136.0667
Stapleton SI,40.6333,-74.0667
Port Of Sohar,24.5167,56.6333
Santa Panagia,37.069,15.297
Yokosuka Ko,35.2833,139.6667
Giglio Porto,42.362,10.921
Pozzallo,36.7167,14.85
Sciacca,37.502,13.075
Baia,40.817,14.074
Nogaro,45.759,13.167
Porto Garibaldi,44.677,12.252
Pesaro,43.928,12.903
Bur Sa'id,31.2667,32.3
Nuwaybi',28.9667,34.65
At Tur,28.2333,33.6167
Marsa az Zaytiyah,27.85,33.6
Vadinar Terminal,22.4667,69.6667
Sikka,22.4333,69.8333
Porbandar,21.6333,69.6
New Mangalore,12.9167,74.8167
Kochi (Cochin),9.9667,76.2333
Tuticorin,8.8,78.1667
Honavar,14.2833,74.45
Batticaloa Roads,7.7667,81.6833
Port Dabhol,17.5833,73.1667
Jaigarh Bay,17.3,73.2167
Jafarabad,20.8667,71.3833
Dhamra,20.8167,86.9667
Gangavaram,17.6333,83.25
Kakinada Bay,17.0,82.3167
Karaikal Port,10.8333,79.8667
Cuddalore,11.7167,79.7667
Magdalla,21.15,72.75
Trincomalee Harbor,8.55,81.2167
Alghero,40.568,8.307
Golfo Aranci,40.993,9.624
Liscia Di Vacca,41.141,9.511
Cala Volpe,41.088,9.542
Calcutta,22.55,88.3333
Jawaharlal Nehru Port (Nhava Shiva),18.95,72.95
Karwar,14.8167,74.1167
Haldia Port,22.0167,88.0833
Pipavav Bandar,20.9167,71.5167
Pondicherry,11.9333,79.8333
Bhavnagar,21.7667,72.2333
Paradip,20.2667,86.6833
Kamarajar Port,13.2614,80.3425
Galle Harbor,6.0331,80.2283
Gopalpur,19.3019,84.9667
Mumbai (Bombay),18.9667,72.8667
Beypore,11.1667,75.8
Ratnagiri,16.9833,73.2833
Belekeri,14.7,74.2667
Nagappattinam,10.7667,79.85
Dahej,21.7,72.5333
Panaji,15.5,73.8167
Kankesanturai,9.8167,80.05
Baleshwar,21.4833,86.95
Quilon (Kollam),8.8719,76.5839
Azhikal (Azhikkal),11.9456,75.3094
Trivandrum,8.4833,76.95
Kolachel,8.1667,77.25
Calicut (Kozhikode),11.25,75.7667
San Miguel De Cozumel,20.5,-86.9667
Dos Bocas Terminal,18.4333,-93.2167
San Lorenzo,9.7833,-71.0667
Guanta,10.25,-64.5833
Puerto Cumarebo,11.4833,-69.35
Santa Marta,11.25,-74.2167
Pozos Colorados,11.15,-74.25
Puerto Bolivar,12.25,-71.9667
Jose Terminal,10.1,-64.85
Tarabulus,34.45,35.8333
Tartus,34.9,35.8667
Bayrut,33.9,35.5
Baniyas,35.1883,35.9433
Amber Cove,19.8333,-70.7667
Manzanillo,19.7167,-71.75
Freeport,32.3167,-64.8333
Providenciales,21.7333,-72.2833
Santiago De Cuba,20.0167,-75.8333
Puerto Guantanamo,19.9833,-75.1333
Sanchez,19.2333,-69.6167
Hamilton,32.3,-64.7833
Santa Barbara De Samana,19.2,-69.3333
Cayo Moa Grande,20.6667,-74.9
Cayman Brac,19.75,-79.75
Cardenas,23.05,-81.2
Nueva Gerona,21.9167,-82.8
Cabo Rojo,17.9167,-71.65
Isabela De Sagua,22.95,-80.0
Port Antonio,18.1833,-76.45
Gustavia,17.9,-62.85
Matanzas,23.05,-81.55
Puerto Plata,19.8,-70.7
Felton,20.7333,-75.6
Cap Haitien,19.7667,-72.2
Freeport,26.5167,-78.7833
Philipsburg,18.0167,-63.05
Georgetown,19.3,-81.3833
Road Harbor,18.4167,-64.6167
Manzanillo,20.35,-77.1167
South Riding Point,26.6167,-78.2167
Castries,14.0167,-61.0
Cienfuegos,22.15,-80.45
Casilda,21.75,-79.9833
La Romana,18.4167,-68.9667
Nassau,25.0833,-77.35
Guayabal,20.7,-77.6167
North Ain Sukhna Port,29.65,32.3667
Banes,20.9167,-75.7167
Caibarien,22.5333,-79.4667
Baracoa,20.35,-74.5
Preston,20.7667,-75.65
Santa Cruz del Sur,20.7,-77.9833
Sawakin Harbor,19.1333,37.35
Palo Alto,21.5833,-78.9667
Mitsiwa Harbor,15.6167,39.4667
Assab,13.0,42.75
Moss,36.8,-121.7833
Al Aqabah,29.5167,35.0
El-Adabiya,29.8667,32.4667
Ain Sukhna Terminal,29.5833,32.3667
Port Sudan,19.6,37.2333
Dover,-43.3167,147.0333
Jiddah,21.4833,39.1833
Jizan,16.9,42.4833
St Petersburg,27.7667,-82.6167
Sea Eagle Terminal,4.8,5.3167
Baobab Marine Terminal,4.9667,-4.55
Al Ahmadi,14.8333,42.9667
Aden,12.7833,44.95
Port Bouet,5.2333,-3.9667
Pennington Oil Terminal,4.25,5.6167
Brass Oil Terminal,4.0667,6.2833
Rudum Terminal,13.9833,47.9167
Duqm,19.6733,57.7169
Al Mukalla,14.5167,49.1167
Mina Raysut,16.9511,54.0292
Balhaf,13.9667,48.1833
Ash Shihr Oil Terminal,14.7,49.4833
Nishtun,15.8167,52.2
Bassein,16.7833,94.7333
Khawr Khasab,26.2167,56.2333
Bandar Abbas,27.15,56.2
Rangoon,16.7667,96.1667
Moulmein Harbor,16.4833,97.6167
Gwadar,25.1333,62.3
Port de Valleyfield,45.2167,-74.1
Punta Venado,20.5667,-87.1333
Puerto Costa Maya,18.7333,-87.6833
Frontera,18.5333,-92.65
Cayo Arcas Terminal,20.1667,-91.9833
Ciudad Del Carmen,18.6333,-91.8667
Nanchital,18.0667,-94.4167
La Ceiba,15.7833,-86.8
Tela,15.7833,-87.45
Victoria Point Harbor,9.9833,98.55
Punta Rincon,9.0167,-80.7
San Andres Island,12.5667,-81.7
Puerto Cabezas,14.0167,-83.3833
El Bluff,12.0,-83.7
Puerto Moin,10.0,-83.0833
Big Creek,16.5167,-88.4
Puerto Limon,9.9833,-83.0167
Coxen Hole,16.3167,-86.55
Bluefields,12.0167,-83.75
Hulaylah Oil Terminal,25.9833,55.9333
Panarukan,-7.7,113.9333
Benoa,0.9833,117.9667
Parepare,-4.0,119.6167
Mina Saqr,25.9833,56.05
Jazireh-Ye Lavan Oil Terminal,26.7833,53.3333
Sharjah Offshore Terminal,25.5833,55.4
Umm Al Qaywayn,25.5833,55.5833
Al Jazeera Port,25.7167,55.7833
Mina Jabal Ali,25.0167,55.05
Ash Shariqah,25.3667,55.3833
Dubayy,25.2667,55.3
Kribi Deep Sea Port,2.7185,9.8605
Ajman,25.4167,55.4333
Al Hamriyah Lpg Terminal,25.4667,55.4833
Doraleh,11.6028,43.0886
Kole Oil Terminal,4.25,8.55
Antan Oil Terminal,4.2167,8.3333
Moji Ko,33.95,130.9667
Kure,34.2333,132.55
Matsuyama,33.85,132.7
Yawatahama,33.45,132.4167
Buchanan,5.8667,-10.0667
Greenville,4.9833,-9.05
Santa Cruz De Tenerife,28.4667,-16.2333
Kandla,23.0333,70.2167
Freetown,8.5,-13.2333
Bissau,11.8667,-15.6333
Funchal,32.6333,-16.9167
Las Palmas,28.15,-15.4167
Laayoune,27.0833,-13.4333
Arrecife,28.95,-13.5333
Sittwe,20.1333,92.9
Veraval,20.9,70.3667
Mandvi,22.8333,69.35
Hazira,21.0833,72.6333
Alexandria,38.8,-77.0333
Essex,41.35,-72.3833
As Sidr,30.6333,18.3667
Al Burayqah,30.4167,19.6
Ez Zueitina,30.85,20.05
Al Ladhiqiyah,35.5333,35.7667
Limin Sirou,37.4333,24.95
Kalamata,37.0167,22.1167
Forcados,5.3667,5.4333
New Bedford,41.6333,-70.9167
Bodega Bay,38.3333,-123.05
Gladstone,45.85,-87.0167
Escanaba,45.7667,-87.05
Menominee,45.0953,-87.5894
Marinette,45.0833,-87.6
Oconto,44.8944,-87.8294
Green Bay,44.5167,-88.0167
Algoma,44.6,-87.4333
Kewaunee,44.4667,-87.5
Frankfort,44.6333,-86.25
Leland,45.0167,-85.7667
Harbor Springs,45.4333,-84.9833
Mackinaw City,45.7833,-84.7167
Nuevitas Bay,21.55,-77.2667
Grand Turk,21.4333,-71.15
Benicia,38.05,-122.15
Gaviota,34.4667,-120.2
Baytown,29.7333,-95.0167
Jacksonville,30.3167,-81.65
Fernandina Beach,30.6833,-81.4667
Brunswick,31.15,-81.5
Darien,31.3667,-81.4333
Morehead City,34.7167,-76.7
Gananoque,44.3333,-76.1667
Alexandria Bay,44.3333,-75.9167
Ellwood,34.4333,-119.9167
Beaufort,34.7167,-76.6667
Manati,21.3667,-76.8167
Cockburn Harbor,21.5,-71.5333
Charlevoix,45.3167,-85.2667
Lipari,38.4833,14.9667
Milos,36.7167,24.45
Lakki,37.1333,26.85
Baybay,10.6833,124.8
Mackinac Island,45.85,-84.6167
Nahma,45.8333,-86.6667
Manistique,45.95,-86.25
El Hamra Oil Terminal,30.9833,28.8667
Brockville,44.5833,-75.6667
Martinez,38.0333,-122.1333
Alanya,36.5333,32.0
Mohammedia,33.7167,-7.4
King Fahd Port,23.95,38.2167
Lingkas,3.2833,117.6
Namikata,34.1167,132.9
Cape Palmas,4.3667,-7.7167
Maasin,10.1333,124.8333
Kikuma Ko,34.0333,132.8333
Imabari Ko,34.0667,133.0167
Cape Charles,37.2667,-76.0167
Southport,33.9167,-78.0167
St Ignace,45.85,-84.7167
Sayda,33.5,35.35
St. James Harbor,45.7333,-85.5167
Yithion,36.75,22.5667
Port Arthur,29.8333,-93.9667
Portoferraio,42.8167,10.3333
Port Costa,38.05,-122.1833
Traverse City,44.7667,-85.6167
Sidon/zahrani Terminal,33.5333,35.3167
Port Inland,45.9667,-85.8667
Oswego,43.4667,-76.5167
Zanzibar,-6.1667,39.1833
Warri,5.5167,5.7333
Sabine Pass,29.7333,-93.9
Princetown,37.5,-122.4833
Palm Beach,26.7667,-80.05
Petoskey,45.3667,-84.9667
Redwood City,37.5333,-122.2
Wilmington,34.2333,-77.95
Rockport,44.3833,-75.9333
St Augustine,29.9,-81.3167
Sabine,29.7167,-93.8667
Ras   Lanuf,30.5167,18.5667
Port Sulphur,29.4833,-89.6833
Tasucu,36.3167,33.8833
Wrightsville,34.2167,-77.8167
Sturgeon Bay,44.8333,-87.3833
Swansboro,34.6833,-77.1333
Shingu,33.6667,135.9833
Owase Ko,34.0667,136.2167
Piney Point,38.1333,-76.5333
Solomons Island,38.3167,-76.45
Port Romblon,12.5833,122.2667
Raha Roadstead,-4.85,122.7333
Yanbu,24.0833,38.05
Ras Al Mishab,28.1167,48.6333
Washington D.C.,38.8667,-77.0333
Salif,15.3,42.6667
Salisbury,38.3667,-75.6
Pantelleria,36.838,11.942
Nishihara,26.2167,127.8
Selaata,34.2833,35.655
Mubarraz Oil Terminal,24.4333,53.5167
Doha,25.2833,51.5333
Zirkuh,25.0167,53.0
Fateh Oil Terminal,25.5833,54.4167
Al Shaheen Terminal,26.5833,52.0
Jabal Az Zannah/ruways,24.2,52.7
Jazirat Halul,25.6833,52.4167
Umm An Nar,24.45,54.4833
Umm Said,24.9167,51.5667
Ras Laffan,25.9167,51.5833
Abu Zaby,24.5,54.3333
Jazirat Das,25.15,52.8667
Victoria,5.2833,115.2333
Puerto Princesa,9.7333,118.7333
Polloc (Cotabato),7.35,124.2167
Port Dickson,2.5333,101.7833
M'bya Oil Terminal,-3.8833,10.9333
Etame Terminal,-3.75,10.5167
Picton,-41.2833,174.0167
Teluk Bayur,-1.0,100.3667
Collingwood,-40.6833,172.6667
Ceiba Terminal,1.4167,9.2333
Jamestown,-15.9167,-5.7167
Sumbe,-11.2,13.8333
Takula Terminal,-5.2167,11.7833
Malongo Oil Terminal,-5.4333,12.0833
Porto De Suape,-8.4,-34.9667
Tarakohe,-40.85,172.9
Linden,6.0,-58.3
Cogo,1.0833,9.7
Soyo Angola Lng Terminal,-6.1167,12.3333
Porto De Mucuripe,-3.7167,-38.4833
Oguendjo Terminal,-1.4667,8.9167
Banana,-5.9833,12.3833
Paramaribo,5.8333,-55.1667
Camocim,-2.9,-40.8333
Cagliari,39.19,9.102
Nelson,-41.2667,173.2667
Porto Do Ambriz,-7.8333,13.1
Nieuw Nickerie,5.95,-57.0
Olowi Marine Terminal,-3.1333,10.2167
New Amsterdam,6.25,-57.5167
Kuito Oil Field,-5.4667,11.5
Cabinda,-5.5333,12.2
Gamba Oil Terminal,-2.8333,10.0
Djeno Terminal,-4.9333,11.9
Yombo Terminal,-4.45,11.1
Saldanha Bay,-33.0333,17.9667
N'kossa Terminal,-5.2667,11.5667
Kizomba C Terminal,-6.3167,11.2833
Paranam,5.6167,-55.1
Futila Terminal,-5.45,12.1833
Guamare Oil Terminal,-4.8667,-36.2833
Palanca Terminal,-6.95,12.4
Recife,-8.05,-34.8667
Porto Amboim,-10.7333,13.75
Hon Gai,20.95,107.0667
Haimen,28.6833,121.45
Zhoushan,30.0,122.1
Puerto San Antonio,-33.5833,-71.6167
De Kastri,51.4667,140.7833
Lezardrieux,48.7903,-3.0989
Ch'ongjin,41.7667,129.8167
Mangagoy,8.2333,126.3167
Honolulu,21.3,-157.8667
Barber's Point,21.3167,-158.1167
Kaunakakai,21.0833,-157.0333
Lahaina,20.8667,-156.6667
Kahului,20.9,-156.4667
Kiholo,19.8667,-155.95
Kauhako Bay,19.3833,-155.9
Milolii,19.1833,-155.9
Honuapo,19.0833,-155.55
Husum,54.4833,9.05
Hilo,19.7333,-155.0667
Honokaa,20.1,-155.4667
Greymouth,-42.4333,171.2167
New Plymouth,-39.0667,174.0333
Mangkasa Oil Terminal,-2.7333,121.0667
Bitung,1.4333,125.1833
Safaja,26.7333,33.95
Al Qusayr,26.1,34.2833
Hoquiam,46.9667,-123.9
Forari Bay,-17.6833,168.55
Honiara,-9.4167,159.95
Kokopo,-4.3333,152.2667
Longan Island,-1.2167,144.3
Malakal Harbor,7.3333,134.45
Colonia,9.5167,138.1333
Moen,7.4333,151.8333
Lele Harbor,5.3333,163.0333
Johnston Atoll,16.75,-169.5167
Boma,-5.85,13.05
Misratah,32.3667,15.2167
Derince Burnu,40.75,29.8167
Haydarpasa,41.0,29.0167
Giresun,40.9333,38.4
Flying Fish Cove,-10.4167,105.7
Novorossiysk,44.7167,37.7833
Azov,47.1,39.4333
Mariupol,47.0833,37.5667
Berdyansk,46.75,36.7833
Kerch,45.35,36.4833
Feodosiya,45.0167,35.4333
Kherson,46.6167,32.6
Odesa,46.4833,30.7333
Illichivsk,46.3,30.65
Mangalia,43.8167,28.5833
Istanbul,41.0167,28.9667
Galati,45.4167,28.0833
Braila,45.25,27.9833
Mallaig,57.0,-5.8167
Lochmaddy,57.6,-7.1667
Klaksvik,62.2333,-6.5833
Burghead,57.7,-3.5
Buckie Harbor,57.6833,-2.9667
Fraserburgh Harbor,57.6833,-2.0
Montrose,56.7,-2.4667
Grangemouth,56.0167,-3.7167
Leith,55.9833,-3.1833
Berwick-Upon-Tweed,55.7667,-2.0
Blyth,55.1167,-1.5
Bridlington,54.0833,-0.1833
Goole,53.7,-0.8333
Kingston Upon Hull,53.75,-0.2833
Immingham,53.6333,-0.2
Grimsby,53.5833,-0.0667
King's Lynn,52.75,0.4
Great Yarmouth,52.6167,1.7333
Lowestoft,52.4833,1.75
Felixstowe,51.95,1.3167
Harwich,51.95,1.2833
Gravesend,51.45,0.3667
Oostende,51.2333,2.9167
Bruges,51.2333,3.2167
Ghent,51.0667,3.7333
Bruxelles,50.8667,4.35
Antwerpen,51.2167,4.4
Dordrecht,51.8167,4.65
Amsterdam,52.3667,4.9
Ijmuiden,52.4667,4.5833
Harlingen,53.1833,5.4167
Delfzijl,53.3333,6.9333
Emden,53.3333,7.1833
Bremen,53.1333,8.7667
Nordenham,53.4833,8.4833
Bremerhaven,53.5333,8.5833
Cuxhaven,53.8667,8.7167
Hamburg,53.55,9.9333
Itzehoe,53.9167,9.5167
Arhus,56.15,10.2167
Odense,55.4167,10.3833
Bandholm,54.8333,11.5
Helsingor,56.0333,12.6167
Flensburg,54.8,9.4333
Lulea,65.5833,22.1667
Gavle,60.6833,17.1667
Nynashamn,58.9,17.9667
Nykoping,58.75,17.0167
Kalmar,56.6667,16.3667
Karlskrona,56.1667,15.6
Limhamn,55.5911,12.9183
Malmo,55.6233,12.9847
Landskrona,55.8597,12.8267
Falkenberg,56.8817,12.4661
Goteborg,57.7097,11.9547
Fredrikstad,59.1792,10.9528
Moss,59.4406,10.6553
Newport,41.5,-71.3333
Edgartown,41.3833,-70.5
Falmouth,41.55,-70.6167
Bordeaux,44.8667,-0.5667
Dieppe,49.9333,1.0833
Calais,50.9667,1.85
Gravelines,51.0,2.1167
Dunkerque Port Ouest,51.0667,2.35
Dunkerque Port Est,51.05,2.3833
Dover Harbor,51.1167,1.3333
Newhaven Harbour,50.7833,0.05
Littlehampton Harbour,50.7833,-0.5333
Cowes Harbour,50.7667,-1.3
Brixham Harbour,50.4,-3.5167
Dartmouth Harbour,50.35,-3.6167
Fowey Harbour,50.3333,-4.6333
Falmouth Harbour,50.15,-5.0667
Hayle,50.1833,-5.4167
Bideford,51.0333,-4.2
Bristol,51.4667,-2.6333
Avonmouth,51.5,-2.7167
Cardiff,51.45,-3.1667
Barry,51.4,-3.2667
Milford Haven,51.7167,-5.0333
Manchester,53.4833,-2.2667
Liverpool,53.4167,-3.0
Fleetwood,53.9167,-3.0167
Barrow In Furness,54.1167,-3.2333
Fenit,52.2667,-9.8667
Galway,53.2667,-9.05
Killybegs,54.6333,-8.45
Londonderry,55.0,-7.3167
Ardglass,54.2667,-5.6167
Douglas,54.15,-4.4667
Ayr,55.4667,-4.6333
Millport,55.75,-4.9167
Ardrishaig,56.0167,-5.45
Campbeltown,55.4333,-5.6
Bangor,44.8,-68.7667
Jonesport,44.5333,-67.6167
Lubec,44.8667,-66.9833
Liverpool (Brooklyn),44.0333,-64.65
Little Bras D Or,46.25,-60.3
Horten,59.4167,10.5
Brevik,59.0667,9.7
Kodiak,57.7833,-152.4
Anchorage,61.2167,-149.9
Nikiski,60.6833,-151.4
Homer,59.6,-151.4167
Cordova,60.55,-145.7667
Knudson Cove,55.4667,-131.8
Kemano Bay,53.4833,-128.1333
Coal Harbor,50.6,-127.5833
Comox Harbor,49.6667,-124.9167
Fraser Mills,49.2241,-122.856
New Westminster,49.2,-122.9167
Friday Harbor,48.5333,-123.0167
Everett,48.0,-122.2167
Mukilteo,47.95,-122.3
Edwards Point,47.8,-122.4
Kiel,54.3167,10.1333
Lubeck-Travemunde,53.9667,10.8833
Nowy Port,54.4167,18.6667
Gdansk,54.35,18.6667
Kaliningrad,54.7,20.4833
Hamina,60.5667,27.2
Mantyluoto,61.6,21.4833
Nykarleby,63.5167,22.5333
Olympia,47.05,-122.9
Bremerton,47.5667,-122.65
Neah Bay,48.3667,-124.6167
La Push,47.9,-124.6333
Aberdeen,46.9833,-123.8167
Nahcotta,46.5,-124.0333
Longview,46.1333,-122.9333
Astoria,46.2,-123.8333
Newport,44.6333,-124.05
Bandon,43.1167,-124.4167
Crescent City,41.75,-124.2
Eureka,40.8,-124.1833
Fields Landing,40.7167,-124.2167
Coquimbo,-29.95,-71.3333
La Plata,-34.8333,-57.8833
Buenos Aires,-34.6,-58.3667
Nueva Palmira,-33.8833,-58.4167
Imbituba,-28.2333,-48.6667
Harstad,68.8,16.55
Charlottetown,46.2333,-63.1333
Georgetown,46.1833,-62.5333
Grand Marais,47.75,-90.3333
Duluth,46.7667,-92.1
Bayfield,46.8,-90.8167
Ashland,46.6,-90.8667
Marquette,46.5333,-87.3833
Grand Marais,46.6833,-85.9667
Michipicoten,47.9667,-84.9
Kaukauna,44.2833,-88.2667
Depere,44.45,-88.0667
Manitowoc,44.0922,-87.6483
Milwaukee,43.0333,-87.8833
Kenosha,42.5833,-87.8167
Chicago,41.8833,-87.6
Calumet Harbor,41.7333,-87.5167
Indiana Harbor,41.6667,-87.4333
Gary,41.6167,-87.3333
Michigan City,41.7333,-86.9
Holland,42.7833,-86.1333
Grand Haven,43.0667,-86.2333
Muskegon,43.2333,-86.2667
Ludington,43.95,-86.45
Manistee,44.25,-86.3167
Cheboygan,45.65,-84.4667
Bredvik,70.5833,22.1333
Kirkenes,69.7297,30.0689
Barrow,71.2833,-156.7833
Deering,66.0833,-162.7333
Nome,64.5,-165.4167
Clarks Point,58.85,-158.55
Constantine Harbor,51.4,179.3
Adak Naval Air Station,51.8667,-176.6333
Dutch Harbor,53.9,-166.5333
King Cove,55.05,-162.3167
Baralof Bay,55.2333,-160.5333
Larsen Bay,57.5333,-153.9833
Lazy Bay,56.9,-154.25
Natal,-5.7833,-35.2
Cameta,-2.25,-49.5
Belem,-1.45,-48.5
Kristiansand,58.1389,8.0128
Mandal,58.0167,7.4667
Egersund,58.4386,5.9864
Haugesund,59.4122,5.2536
Husnes,59.8775,5.7622
Bergen,60.4028,5.2986
Floro,61.6039,5.0308
Molde,62.7333,7.1667
Muruvik,63.4414,10.8414
Djupviken,63.7878,11.4272
Malm,64.0672,11.2275
Berg,65.3653,12.1967
Bronnoysund,65.4681,12.1961
Mosjoen,65.8589,13.1708
Mo I Rana,66.3244,14.1222
Lakselv,67.3578,15.5922
Bodo,67.2856,14.3642
Narvik,68.4211,17.4022
Canaveral Harbor,28.7,-80.6167
Beaufort,32.4333,-80.6667
Charleston,32.7833,-79.9167
Georgetown,33.3667,-79.2833
New Bern,35.1,-77.05
Bayboro,35.15,-76.7667
Belhaven,35.6167,-76.6167
Columbia,35.9167,-76.25
Edenton,36.05,-76.6167
Alpena,45.0667,-83.4167
Au Sable,44.4,-83.3167
Alabaster,44.1833,-83.55
Bay City,43.6,-83.8667
Marine City,42.7167,-82.5
Algonac,42.6167,-82.5167
Desbarats,46.3333,-83.9167
Hilton,46.25,-83.8833
Bruce Mines,46.2833,-83.7833
Blind River,46.1833,-82.95
Meldrum Bay,45.9333,-83.1167
Gore Bay,45.9167,-82.4667
Kagawong,45.9167,-82.25
Little Current,45.9833,-81.9333
Killarney,45.9667,-81.5167
Key Harbour,45.8833,-80.75
Byng Inlet,45.7667,-80.5667
Midland,44.75,-79.9167
Collingwood,44.5,-80.2333
Meaford,44.6167,-80.6
Goderich,43.75,-81.7333
Courtright,42.8167,-82.4667
Detroit,42.3333,-83.0333
Huron,41.4,-82.55
Lorain,41.4667,-82.1833
Ashtabula,41.9,-80.8
Conneaut,41.9667,-80.55
Erie,42.15,-80.1
Dunkirk,42.4833,-79.3333
Buffalo,42.8833,-78.8833
Chaumont,44.0667,-76.1333
Hamilton,43.25,-79.85
Bronte,43.4,-79.7167
Belleville,44.15,-77.4
Chicoutimi (Port Saguenay),48.4333,-71.0667
Baie Comeau,49.2333,-68.1333
Matane,48.85,-67.5333
Nuuk,64.1833,-51.75
Kanatak,57.5667,-156.0333
Munising,46.4167,-86.65
Baraga,46.7833,-88.4833
Douglastown,48.7667,-64.3833
Finnsnes,69.2333,17.9667
Andenes,69.3283,16.1278
Concepcion Del Uruguay,-32.4833,-58.2333
Mejillones,-23.1,-70.4667
Clayoquot,49.15,-125.9167
Bay City,46.8667,-124.0667
Lielupe,57.0,23.4333
Neustadt,54.1,10.8167
Mission City,49.1464,-122.2586
Lyall Harbor,48.8,-123.2
Alert Bay,50.5833,-126.9333
Bella Coola,52.3667,-126.8
Kitimat,54.0,-128.6833
Katalla,60.2,-144.5333
Machias,44.7167,-67.4667
Lamlash Harbor,55.5333,-5.1167
Bowling,55.9333,-4.4833
Ardrossan,55.65,-4.8167
Bantry,51.6833,-9.45
Garlston,53.35,-2.9
Caernarvon,53.15,-4.2667
Boulogne-Sur-Mer,50.7333,1.6
Ambes,45.0167,-0.5333
Niagara,43.25,-79.0667
Nantucket,41.2833,-70.1
Halden,59.1167,11.3833
Brofjorden,58.3603,11.4211
Fakse Ladeplads Havn,55.2167,12.1667
Marstal,54.9167,10.3333
Aeroskobing,54.8833,10.4167
Augustenborg,54.95,9.8667
Abenra,55.05,9.4333
Hanstholm,57.1333,8.6
Oldenburg,53.1167,8.2167
Hoek Van Holland,51.95,4.1333
New Holland,53.7,-0.3667
Hound Point Terminal,56.0,-3.3667
Lochboisdale,57.15,-7.3
Mykolayiv,46.95,31.9833
Kyrylivka,46.35,35.3667
Bushehr,28.9833,50.8333
Bandar Taheri Offshore Terminal,27.65,52.35
Chah Bahar,25.2667,60.6167
Ardjuna Oil Field,-5.8833,107.7167
Batumi,41.65,41.65
Izmit,40.7667,29.9167
Khoms,32.6667,14.25
Nawiliwili Bay,21.95,-159.35
Lorengau,-2.0167,147.2667
Luganville,-15.5167,167.1667
Labuha,-0.6333,127.4667
Ballina,-28.8667,153.5667
Napoopoo,19.4833,-155.9333
Mahukona,20.1833,-155.9
Barbers Point Terminal,21.2667,-158.1
Akureyri,65.6833,-18.0833
Husavik,66.0333,-17.3333
Eskifjordhur,65.0667,-14.0167
Budir,64.9333,-14.0167
Hornafjordur,64.25,-15.2333
Nanortalik Havn,60.1167,-45.2
Narsarssuaq,61.15,-45.4333
Maniitsoq,65.4167,-52.9167
Oka Sur Le Lac,45.4667,-74.0833
Montebello,45.65,-74.9333
Gatineau,45.4833,-75.65
Hull,45.4333,-75.7
Cobourg,43.95,-78.1667
Clarkson,43.5,-79.6
Lions Head,44.9833,-81.25
Honora,45.8667,-82.1667
Cockburn,45.95,-83.3167
Dalvik,65.9833,-18.5167
Neskaupstadur,65.15,-13.6833
Come By Chance Harbor,47.8,-54.0167
Havre St Pierre,50.2333,-63.6
Grenville,45.6333,-74.6
Hudson,45.4667,-74.1333
Calcite,45.4167,-83.7833
Henningsvaer,68.1536,14.2128
Hommelvik,63.4167,10.8
Brattholmen,60.3486,5.1775
Odda,60.0969,6.5411
Meling,59.7833,5.1167
Akrahamn,59.2667,5.1833
Brettesnes,68.2333,14.85
Drag,68.05,16.0833
Fauske,67.25,15.3989
Hemnesberget,66.2333,13.6167
Namsos,64.4583,11.5094
Kristiansund,63.1139,7.7386
Bud,62.9,6.9167
Haroysund,62.8911,6.9581
Andalsnes,62.5681,7.6772
Hareid,62.3722,6.0356
Moldtustranda,62.3,5.65
Alesund,62.4667,6.1667
Maloy,61.9333,5.1167
Ardalstangen,61.2328,7.6986
Mongstad,60.8308,5.0367
Karsto,59.2667,5.5167
Espevaer,59.5833,5.15
Kirkehamn,58.2314,6.5272
Flekkefjorden,58.2642,6.6553
Degrad Des Cannes,4.85,-52.2667
Bear Island,58.45,-152.6833
Chignik,56.3,-158.4
Ivanof Bay,55.8,-159.4667
Cold Bay,55.2,-162.7
Akutan Harbor,54.1333,-165.8
Cannery Bay,53.7,-166.75
Makushin,53.7667,-166.9833
Kiska,51.9667,177.55
Naknek,58.7167,-157.0167
Koggiung,58.9667,-156.9167
Ekuk,58.8167,-158.5667
Dillingham,59.0333,-158.4833
Kotlik,63.0333,-163.55
Hamilton,62.9,-163.9167
Kotzebue,66.9167,-162.5833
Bernard Harbor,70.1333,-143.6333
Barentsburg,78.0594,14.2022
Berlevag,70.8617,29.1119
Kjollefjorden,70.95,27.3333
Oksfjord,70.2333,22.35
Gibostad,69.3561,18.0819
Great Lakes,42.3,-87.8333
Goulais Bay,46.7333,-84.5
Gargantua,47.5667,-84.9667
Nysted,54.6667,11.7333
Nyborg,55.3167,10.8
Middelfart,55.5,9.7333
Assens,55.2667,9.8833
Ensted,55.0167,9.4333
Kolding,55.4833,9.5
Hadsund,56.7167,10.1167
Mariager,56.65,9.9833
Hobro,56.6333,9.8
Hals,56.9833,10.3167
Inverness,57.4833,-4.2333
Frederikshavn,57.4333,10.55
Lemvig,56.5833,8.2833
Holstebro-Stuer,56.5,8.5833
Mitilini,39.1,26.5667
Brunsbuttel Elbahafen,53.8833,9.1667
Brunsbuttel Canal Terminals,53.9,9.15
Neuhaus,53.8,9.0333
Gluckstadt,53.7833,9.4167
Butzfleth,53.65,9.5167
Eemshaven,53.45,6.8333
Europoort,51.95,4.1167
Maassluis,51.9167,4.25
Isle Of Grain,51.4333,0.7
London,51.5,-0.0833
Boston,52.9667,-0.0167
Granton,55.9833,-3.2167
Braefoot Bay Terminal,56.0333,-3.3167
Burntisland,56.05,-3.2333
Methil,56.1833,-3.0
Macduff,57.6667,-2.5
Lossiemouth,57.7167,-3.2833
Cromarty,57.6833,-4.0333
Helmsdale Harbor,58.1167,-3.65
Kongshavn,62.1167,-6.7333
Fuglafjordur,62.25,-6.8
Castle Bay,56.95,-7.4833
Hinatuan,8.3667,126.3333
Muggia,45.6,13.7667
Ambarli,40.9667,28.7
Istinye,41.1167,29.05
Cernavoda,44.3333,28.05
Dnipro-Buzkyy,46.7333,31.8833
Khorly,46.0833,33.2833
Henichesk,46.1667,34.8167
Kimbe,-5.1333,150.5333
Kavkaz Oil Terminal,45.3333,36.65
Anapa,44.8833,37.3167
Barkan Oil-loading Terminal,29.7333,50.1667
Navlakhi,22.9564,70.4476
Mongla,22.4667,89.6
Kuala Kapus,3.0,114.3667
Dumai,1.6833,101.45
Cirebon,-6.7167,108.5667
Cilacap,-7.7333,109.0
Labuhanhaji,-8.7,116.5667
Maumere,-8.6167,122.2167
Bialla,-5.3,150.9833
Dai Hang,8.4833,108.6833
Hamrawein,26.25,34.2
Gunung Batu Besar,-2.6167,116.3
Manado,1.5,124.8333
Gorontalo,0.5,123.05
Namlea,-3.2833,127.0833
Miei,-2.7333,134.5
Heron Bay,48.65,-86.3167
Houghton,47.1167,-88.5667
Ontonagon,46.8833,-89.3333
Cornucopia,46.8667,-91.1
La Paloma,-34.65,-54.15
Colonia,-34.4667,-57.85
Fray Bentos,-33.1167,-58.3167
Cushman,43.9833,-124.0667
Depoe Bay,44.8,-124.0667
Ilwaco,46.3,-124.05
Kalama,46.0167,-122.85
Hoodsport,47.4167,-123.1333
Keyport,47.7,-122.6167
Fort Ward,47.5833,-122.5167
Nisqually Head,47.1167,-122.75
Kokkola,63.85,23.0167
Hellnas,63.2833,22.2333
Kaskinen,62.3833,21.2333
Ekenas,59.9833,23.4333
Jussaro,59.8333,23.5667
Inkoo,60.0167,23.9167
Gavan Vysotsk,60.6167,28.5667
Butinge Oil Terminal,56.0333,20.95
Baltiysk,54.6333,19.9
Heiligenhafen,54.3667,10.9833
Eckernforde,54.4833,9.8333
Coupeville,48.2333,-122.6833
Nanoose Harbor,49.2667,-124.15
Ahousat,49.2833,-126.0667
Harmac,49.1333,-123.85
Ganges,48.85,-123.4833
Bergh Cove,50.5333,-127.6167
Bella Bella,52.1667,-128.15
Fishermans Harbor,55.9667,-133.8
Hood Bay,57.4,-134.5
Ninilchik,60.05,-151.6833
Holmestrand,59.4906,10.3267
Grand Narrows,45.95,-60.7833
Milbridge,44.5333,-67.8833
Lochaline,56.55,-5.7667
Craignure,56.4667,-5.7
Glensanda,56.5667,-5.5333
Crinan (Canal),56.0833,-5.5667
Bangor,54.65,-5.6667
Castletown Bearhaven,51.65,-9.9167
Kilrush,52.6333,-9.5
Heysham,54.0333,-2.9167
Liverpool Bay Terminal,53.5333,-3.55
Fishguard,52.0167,-4.9833
Neath,51.6333,-3.8333
Newlyn,50.1,-5.55
Fawley Marine Terminal,50.8167,-1.3333
Le Treport,50.0667,1.3667
Blaye,45.1333,-0.6667
Lynn,42.45,-70.95
Hyannis Port,41.6333,-70.3
Fagerstrand,59.7331,10.5847
Kambo,59.4731,10.6797
Grebbestad,58.6769,11.2478
Fjallbacka,58.6003,11.2772
Hunnebostrand,58.4378,11.2861
Halmstad,56.6667,12.8667
Bergkvara,56.3833,16.1
Figeholm,57.3667,16.5
Farosund,57.9167,19.05
Klintehamn,57.3833,18.2
Grisslehamn,60.1,18.8167
Norrsundet,60.9333,17.1667
Harnosand,62.6333,17.9333
Gustavsvik,62.8333,17.8833
Lunde,62.8833,17.8833
Kramfors,62.9333,17.8
Domsjo,63.2667,18.7333
Husum,63.3333,19.15
Nykobing (Mor),56.7667,11.8667
Brannfors,65.0167,21.3833
Himanka,64.0,23.65
Christianso Harbor,55.3167,15.1833
Frederiksvaerk,55.9667,12.0167
Frederikssund,55.8333,12.05
Holbaek,55.7167,11.7167
Gulfhaven,55.2,11.2667
Funafuti Atoll,-8.5167,179.1333
Atuona,-9.8167,-139.0333
Baie Taiohae,-8.9333,-140.0833
Kailua,19.6333,-156.0
Kawaihae,20.0333,-155.8333
Hana,20.75,-155.9833
Kaumalapau Harbor,20.7833,-157.0
Laoang,12.5667,125.0167
Guiuan,11.0333,125.7167
Catbalogan,11.7667,124.8833
Jolo,6.05,121.0
Changshu,31.7667,120.95
Nantong,32.0,120.8
Ch'aho,40.2,128.65
Okha,53.55,143.0
Ciudad Bolivar,8.1333,-63.55
Moengo,5.6333,-54.4167
Cabedelo,-6.9667,-34.8333
Karluk,57.5667,-154.45
Dry Spruce Bay,57.9333,-153.0333
Hogg Island,58.4667,-152.6833
Belkofski,55.0833,-162.0333
Alcan Harbor,52.7333,174.0667
Massacre Bay,52.8333,173.2333
Egegik,58.2,-157.3667
Bethel,60.8167,-161.7167
Nash Harbor,60.2,-166.9833
Kwiguk,62.7333,-164.4667
Grantley Harbor,65.2667,-166.3333
Longyearbyen,78.2272,15.6333
Ny Alesund,78.9283,11.9331
Honningsvag,70.9826,25.9501
Kvalsund,70.5069,23.9833
Hammerfest,70.6667,23.6667
Alta,69.9733,23.2353
Buffington,41.6333,-87.4167
Batchawana Bay,46.9167,-84.6
L Anse,46.7667,-88.4667
Copper Harbor,47.4667,-87.8667
Eagle Harbor,47.4667,-88.1667
La Pointe,46.7833,-90.7833
Gaspe,48.8333,-64.4833
Dalhousie,48.0667,-66.3667
Caraquet,47.8,-64.9333
Medby,68.9089,17.7283
Laguna,-28.5,-48.7833
Jose Ignacio,-34.95,-54.7
Montevideo,-34.9,-56.2167
Concordia,-31.4,-58.0333
Colon,-32.2167,-58.1333
Glenada,43.9667,-124.1167
Ende,-8.8333,121.65
Adler,43.4333,39.9333
Hopa,41.4167,41.4
Eregli,41.3,31.45
Botas Natural Gas Terminal,41.0,27.9833
Gebze,40.7667,29.55
Golcuk Burnu,40.7333,29.8167
Lyndiane,14.1667,-16.1667
Edinburgh Of The Seven Seas,-37.05,-12.3
Ahukini Landing,22.0,-159.3333
Majuro Atoll,7.0833,171.3833
Empire,43.4,-124.2833
North Bend,43.4,-124.2167
Coos Bay,43.3667,-124.2167
Gardiner,43.7167,-124.1
Florence,43.9667,-124.1167
Glen Cove,48.0833,-122.7833
Creosote,47.6167,-122.5
East Bremerton,47.5667,-122.6167
Kantlax,63.4167,22.2833
Naantali,60.4667,22.0167
Kotka,60.4667,26.9667
Lomonosov,59.9167,29.7667
Liepaja,56.5167,21.0167
Darlowo,54.4333,16.4167
Kolobrzeg,54.2167,15.55
Cowichan Bay,48.75,-123.6167
Hope Bay,48.8,-123.2833
Bamberton,48.55,-123.5167
Gold River,49.6833,-126.1167
Klemtu,52.6,-128.5167
Butedale,53.1667,-128.6833
Alliford Bay,53.2167,-131.9833
Hyder,55.9167,-130.0
Hidden Inlet,54.95,-130.3333
George Inlet,55.3833,-131.4667
Burnett Inlet,56.0667,-132.4667
Bay Of Pillars,56.6,-134.2333
Kimshan Cove,57.6833,-136.1167
Letnikof Cove,59.1833,-135.4
Crab Bay,60.0667,-148.0
Kenai,60.55,-151.2667
Drift River,60.55,-152.1333
Mccord,57.15,-153.2
Fort William,56.8167,-5.1167
North Sydney,46.2167,-60.25
Louisbourg,45.9167,-59.9667
Musquodoboit Harbour,44.7833,-63.15
Digby,44.6167,-65.7667
Eastport,44.9,-66.9833
Machiasport,44.7,-67.4
Finnart Oil Terminal,56.1167,-4.8333
Old Kilpatrick,55.9167,-4.4667
Hunterston,55.75,-4.8833
Coleraine,55.1333,-6.6667
Lancaster,54.05,-2.7833
Limerick,52.6333,-8.6167
Foynes,52.6167,-9.1167
Mostyn,53.3167,-3.2667
Izmayil,45.3333,28.85
Chornomors Ke,45.5167,32.7
Balaklava,44.5,33.6
Alushta,44.6833,34.4167
Gelendzhik,44.55,38.0667
Bandar-E Pars Terminal,27.5333,52.5333
Bengkulu,-3.7833,102.25
Inebolu,41.9833,33.7667
Kaba Burnu,40.7667,29.5333
Kusanartoq,61.7667,-42.2167
Attu,67.95,-53.7333
Kajalleq Upernavik,72.15,-55.5333
Clarenville,48.1752,-53.9591
Argentia,47.3,-53.9833
Blanc Sablon,51.4167,-57.1333
La Baie (Port Alfred),48.3333,-70.8833
Carillon,45.5667,-74.3667
Chute A Blondeau,45.5833,-74.4667
Hawkesbury,45.6167,-74.6167
Fassett,45.65,-74.8667
Cumberland,45.5167,-75.4
Masson,45.5333,-75.4167
Millhaven,44.2,-76.7333
Oakville,43.4333,-79.6667
Amherstburg,42.1,-83.1
Depot Harbour,45.3167,-80.1
Manitowaning,45.75,-81.8
Harbor Beach,43.85,-82.65
Hertford,36.1833,-76.4667
Minatitlan,17.9,-94.5833
Ballstad,68.0667,13.7
Lodingen,68.4167,16.0
Lilandsgrunnen,68.4781,16.8906
Litle Ballangen,68.3486,16.8728
Korsnes,68.2519,16.0617
Kjerringoy,67.5225,14.7597
Glomfjord,66.8075,13.9803
Levanger,63.7547,11.2933
Langstein,63.5486,10.89
Norheimsund,60.3661,6.1539
Mosterhamn,59.6989,5.3911
Leirvik,59.7583,5.4967
Kopervik,59.2833,5.3167
Arendal,58.4539,8.7769
El Jadida,33.25,-8.5
Nonopapa,21.8667,-160.2333
Enitwetak Island,11.3333,162.3333
Hamburg Harbor,-1.6333,149.9667
Benchamas Terminal,10.5167,101.25
Duba,27.5667,35.5333
Mostyn,4.6833,118.25
Kolonodale,-1.9833,121.3333
Bula,-3.1,130.5
Manokwari Road,-0.8667,134.0833
Fakfak,-2.9333,132.2833
Discovery Bay,-10.4167,150.4167
Canton Island,-2.8333,-171.7167
English Harbor,3.85,-159.3667
Kamalo,21.05,-156.8833
Lon Shui Terminal,20.8333,115.6833
Mys Rogatyy Oktyabrskiy,50.7333,142.1
Holyhead,53.3167,-4.6333
Bridgwater,51.1333,-3.0
Mevagissey,50.2667,-4.7833
Charlestown,50.3333,-4.75
Bridport Harbour,50.7167,-2.7667
Folkestone Harbour,51.0833,1.2
Alderney Harbour,49.7333,-2.2
Hyannis,41.65,-70.2833
Drammen,59.7333,10.25
Drobak,59.6606,10.625
Bovallstrand,58.4833,11.3333
Marstrand,57.8839,11.5883
Hoganas,56.1967,12.5447
Norrkoping,58.5833,16.2
Gustavsberg,59.3167,18.3833
Hallstavik,60.05,18.5833
Hudiksvall,61.7333,17.1167
Bollstabruk,63.0,17.7
Kopmanholmen,63.1667,18.5833
Nordmaling,63.5667,19.4833
Obbola,63.7,20.3333
Gumbodahamn,64.2333,21.1
Kagehamn,64.8333,21.0333
Kappeln,54.6667,9.9333
Hasle,55.1833,14.7
Koge,55.45,12.2
Hundested Havn,55.9667,11.85
Korsor,55.3333,11.1333
Naestved,55.2333,11.75
Nykobing,54.7667,11.8667
Nakskov,54.8333,11.1333
Kerteminde,55.45,10.6667
Faborg,55.1,10.25
Haderslev,55.25,9.5
Fredericia,55.5667,9.7667
Esbjerg,55.4667,8.45
Busum,54.1333,8.8667
Brake,53.3333,8.4833
Elsfleth,53.2333,8.4667
Leer,53.2333,7.45
Den Helder,52.9667,4.7833
Hansweert,51.45,4.0
Nieuwpoort,51.1333,2.75
Chatham Docks,51.4,0.55
Colchester,51.8833,0.9167
Howdendyke,53.7333,-0.8833
Hartlepool,54.7,-1.1833
Eyemouth,55.8667,-2.0833
Dunbar,56.0,-2.5167
Kettletoft,59.2333,-2.6
Kirkwall,58.9833,-2.9667
Lyness,58.8333,-3.2
Gairloch,57.7167,-5.6833
Kyle Of Lochalsh,57.2833,-5.7167
Kyleakin,57.2667,-5.7333
Medgidia,44.25,28.2667
Monfalcone,45.7833,13.55
Defterdar Burnu,41.05,29.0333
Burgas,42.4833,27.4833
Basarabi,44.1667,28.4333
Danube-Black Sea Canal,44.2667,28.1833
Midia,44.35,28.6667
Masbate,12.3667,123.6167
Jiangyin,31.9167,120.2333
Changzhou,31.9667,119.9833
Gaogang,32.2833,119.85
Hungnam,39.8333,127.6167
Kimch'aek,40.6667,129.2
Najin,42.2333,130.3
Aleksandrovsk -Sakhalinskiy,50.9,142.1333
Mombetsu Ko,44.35,143.35
Bahia Agua Fresca,-53.3833,-70.9667
Bahia Harris,-53.85,-70.45
Kyomip'o,38.7333,125.6167
Duncan Bay,50.0667,-125.2833
Strandvik,60.1586,5.6778
Hong Kong,22.2667,114.2
Macau,22.1833,113.5667
Kronshtadt,59.9833,29.7833
Helsinki,60.1667,24.9667
Huizhou,22.7167,114.5167
Chaozhou,23.6167,117.0833
Bukhta Gaydamak,42.8667,132.6833
Bird Port,51.5667,-2.9667
Newport,51.55,-2.9833
Hanko,59.8167,22.95
Hankow,30.5833,114.2833
Nanjing,32.0833,118.75
Ankingcheng,30.5167,117.0333
El Maadiya,31.2667,30.15
Mailiao,23.7833,120.1667
Grytviken,-54.2667,-36.5
Mariehamn,60.1,19.9167
Crofton,48.8667,-123.6333
Ocean City,38.3333,-75.0833
Norwich,41.5167,-72.0833
Mystic,41.35,-71.9667
Noank,41.3167,-71.9833
Montauk Harbor,41.0667,-71.9333
Murmansk,68.9833,33.05
Arkhangels'k,64.5297,40.5217
Igarka,67.4583,86.5889
Fairport,41.7667,-81.3
Hafnarfjordur,64.0667,-21.95
Isafjordur,66.0667,-23.1167
Bildudalur,65.6833,-23.6
Aomori Ko,40.8333,140.75
Dudinka,69.4,86.1667
Atlantic City,39.3667,-74.4167
Gloucester,42.6,-70.6667
Burlington,40.0833,-74.8667
Bolungarvik,66.1667,-23.2333
Himekawa,37.0333,137.85
Eastern Part Of Niigata-Ko,38.0167,139.2333
Mezen,65.8333,44.1833
Leamington,42.0333,-82.6
Kandalaksha,67.1333,32.4167
Mys Abram,68.9833,33.0333
Davisville Depot,41.6167,-71.4
Barnegat,39.7667,-74.1
Noshiro Ko,40.2167,140.0
Isikari Wan,43.2333,141.3667
Fukui Ko,36.1833,136.1
Fredericksburg,38.3,-77.45
Grundartangi,64.2667,-22.0
Kanazawa,36.6167,136.6
Kashiwazaki,37.3667,138.55
Bolshaya Piryu Guba,66.6731,34.3614
Bristol,40.1,-74.85
Aasiaat,68.7108,-52.8683
Camas,45.5833,-122.4
Goose Bay,53.3667,-60.3
Kwajalein,8.7167,167.7333
Klawock,55.55,-133.1
Keflavik,64.0,-22.55
Blaine,49.0,-122.75
Illulissat (Jakobshavn),69.2167,-51.1
Craig,55.4667,-133.15
Olavsvern,69.5256,19.0075
Meeruse,59.4509,24.6722
Heltermaa,58.8667,23.0483
Bekkeri,59.4545,24.6674
Lahesuu,59.4571,24.703
Miiduranna,59.4994,24.8161
Latouche,60.0505,-147.9042
Coal Point,59.6014,-151.4111
Port De Aracaju,-10.9167,-37.05
Saint Sampson,49.4833,-2.5167
Steinkjer,64.01,11.4786
Port De Becancour,46.4,-72.3833
Three Saints Bay,57.1167,-153.5
Pelee I West Dock,41.7667,-82.6833
Sorvagur,62.0833,-7.25
Union Bay,55.7667,-132.2167
Rize,41.0667,40.5167
Uddevalla,58.3347,11.8775
Port Orchard,47.5333,-122.6333
Qeqertarsuaq,69.2333,-53.5333
Unalakleet,63.8833,-160.7833
Rotterdam,51.9,4.4833
Swansea,51.6167,-3.95
Shishmaref,66.25,-166.0833
Rouge River,42.2833,-83.1167
Pangnirtung,66.1333,-65.75
Port Angeles,48.1167,-123.4333
Ornskoldsvik,63.2833,18.7167
Stura,60.6222,4.8633
Vardo,70.3769,31.1056
Papineauville,45.6167,-75.0167
Utansjo,62.7667,17.9333
Sointula,50.6333,-127.0167
Signilskar,60.2,19.3333
Plymouth,50.3667,-4.15
Ward Cove,55.4,-131.7333
Ringkobing,56.0833,8.25
Tonsberg,59.2622,10.41
Sunderland,54.9167,-1.3667
Port Conclusion,56.25,-134.6833
Port Bayside Nb,45.15,-67.1333
Vancouver,45.6333,-122.6833
Yeysk,46.7333,38.2667
Porto De Maceio,-9.6667,-35.7333
Tornio,65.7667,24.1667
Rauma,61.125,21.4461
Port Hobron,57.1667,-153.1667
Puerto Quemchi,-42.15,-73.4833
Scituate,42.2,-70.7167
Quequen,-38.5833,-58.7
Port Royal,32.3667,-80.6833
Unga,55.1833,-160.5
Oulu,65.0167,25.4
Ramsgate,51.3333,1.4167
Port Severn,44.8,-79.7167
Port Clements,53.6833,-132.1833
Oshawa,43.8667,-78.8167
Vadso,70.0722,29.7414
Portsmouth Harbour,50.8,-1.1
Porpoise Harbor,54.2167,-130.2833
Pelee I North Wharf,41.8167,-82.6667
Pilot Point,57.5667,-157.6
Uig,57.5833,-6.35
Sarnia,42.9833,-82.4167
Stornoway Harbor,58.1833,-6.3667
Port Hope,43.9333,-78.2833
Riviere Du Loup,47.8333,-69.5167
Port Alexander,56.25,-134.65
Workington,54.5667,-3.6333
Portmahomack Harbor,57.8333,-3.8333
Soraker,62.5,17.5
Steveston,49.1333,-123.1833
Port Talbot,51.5833,-3.8167
Reine,67.9386,13.1017
Tutoia,-2.7833,-42.2833
Port Chilkoot,59.2333,-135.4333
Salacgriva,57.7,24.3667
Zonguldak,41.4667,31.8167
Scalloway,60.1333,-1.2833
Savoonga,63.6833,-170.4
Rockport,45.2,-83.3833
Paamuit (Frederikshab),62.0,-49.6667
Waubaushene,44.7667,-79.7167
Port Armstrong,56.3,-134.6667
Rose Inlet,54.95,-132.9667
Wilhelmshaven,53.5333,8.1667
Tranneset,60.4167,5.0167
Port Heiden,56.8833,-158.7
Stockholm,59.3333,18.05
Port Ashton,60.0667,-148.05
Tulcea,45.1667,28.8167
Skoot Cove,52.7167,174.0667
Whitehall,59.1333,-2.6
Sault Ste Marie,46.5167,-84.35
Todd,57.4667,-135.05
Sonora,45.0667,-61.9167
Rostov-Na-Donu,47.1667,39.7167
Quebec Harbour,47.7,-85.8
Vaudreuil,45.4,-74.0333
Washington,35.55,-77.05
Ugashik,57.5333,-157.4167
Shippegan,47.75,-64.7
Yakutat,59.55,-139.7333
St Catherine,43.1833,-79.2833
Ulvik,68.5608,16.2339
Sudak,44.85,34.9833
Port Lavaca,28.6167,-96.6167
Rorvik,64.8647,11.2519
Shoreham Harbour,50.8167,-0.25
The Dalles,45.6,-121.1833
Trenton,42.1333,-83.1667
Parry Sound,45.3333,-80.0333
Rathmullan,55.1,-7.5333
Taganrog,47.2,38.95
Sandarne,61.2667,17.1833
Stenungsund,58.0797,11.8
Rosyth,56.0167,-3.4333
Stewart,55.9333,-130.0
St Margarets Hope,58.8333,-2.95
Seward,60.1,-149.4333
Port Dover,42.7833,-80.2
Washington Bay,56.7333,-134.35
Raymond,46.6833,-123.7333
Port Maitland,42.85,-79.5833
Unalaska,53.8667,-166.5333
Wismar,53.9,11.4667
Sjovegan,68.8736,17.8286
Trenton,44.1,-77.5667
Presque Isle,46.5667,-87.3833
Plymouth,41.95,-70.6667
Puerto Ordaz,8.35,-62.7167
Thorold,43.0833,-79.7167
Orstav,62.1961,6.1144
Torquay Harbour,50.4667,-3.5333
Picton,44.0167,-77.1333
Wrangell,56.4667,-132.3833
Ystad,55.4183,13.8181
Skrova Havn,68.1658,14.6642
Papenburg,53.1,7.3833
Yevpatoriya,45.2,33.3833
Umea Hamn,63.7,20.35
Puerto Montt,-41.4833,-72.9667
Sevilla,37.3667,-6.0
Veitsiluoto,65.7,24.6167
Queenston,43.1667,-79.0667
Walpole Island,42.6167,-82.5167
Waldport,44.4333,-124.0667
Sandnessjoen,66.0264,12.6294
Stephenville,48.5333,-58.5333
Winchester Bay,43.6833,-124.1833
Vlaardingen,51.9,4.35
Wainwright,70.65,-160.0
Raahe,64.6833,24.4167
Stora Jatterson,57.1,16.5667
Schiedam,51.9,4.4
Summerside,46.4,-63.7833
Stubbekobing,54.8833,12.05
Tonawanda,43.0333,-78.8833
Ordu,41.0,37.8833
Shepard Point,60.6333,-145.6667
Rimouski,48.45,-68.5167
Peterhead,57.5,-1.7833
Trap Point,57.0,-154.15
Pauillac,45.2,-0.75
Salsbruket,64.7978,11.8603
Rodby Havn,54.65,11.35
Porto Alegre,-30.0333,-51.2333
Plockton,57.3333,-5.65
Windsor,42.3167,-83.0333
Sinop,42.05,35.1667
Vaasa,63.1,21.5833
Swinoujscie,53.9167,14.2667
Thornbury,44.5667,-80.45
Sassnitz,54.5167,13.65
Trondheim,63.4483,10.4017
Torehamn,65.9,22.65
Puerto Santa Cruz,-50.0167,-68.5167
Queen Charlotte,53.25,-132.0833
Storugns,57.8333,18.8
Orth,54.45,11.05
Padloping Island,67.0333,-62.7333
Vestmannaeyjar,63.4333,-20.2833
Tilbury,51.4667,0.3333
Port Obrien,57.7333,-153.3167
Penetanguishene,44.7667,-79.9333
Winslow,47.6167,-122.5167
Thamesport,51.4333,0.7
Port San Juan,48.55,-124.4333
Port Wing,46.7833,-91.3833
Sandhamn,59.2833,18.9167
Pelican,57.9667,-136.2333
Sao Francisco,-26.25,-48.6333
Sunndalsora,62.6833,8.55
Roche  Harbor,48.6167,-123.1667
Sidney,48.65,-123.3833
Westhaven Cove,46.9167,-124.1167
Racine,42.7333,-87.7833
Svendborg,55.0667,10.6167
South Ness,58.8,-3.2
Yalta,44.4833,34.1667
Slagenstangen,59.3278,10.5194
Stavanger,58.9667,5.75
Washburn,46.6667,-90.8833
Sandnes,58.8733,5.7528
Port Cartier,50.0333,-66.7833
Oxelosund,58.6667,17.1167
Ullapool,57.9,-5.15
Sandusky,41.45,-82.7167
Scarborough,54.2833,-0.4
Tarbert,57.9,-6.8167
St George's,48.45,-58.45
Portree Harbor,57.4167,-6.2
Paysandu,-32.3167,-58.0667
Rogers City,45.45,-83.8167
Port Whitby,43.85,-78.9333
Silloth,54.8667,-3.4
Risor,58.7219,9.2453
Sitka,57.05,-135.3333
Tahsis,49.9167,-126.6667
Port Ellen,55.6333,-6.2
Saint Peter Port,49.45,-2.5333
Richmond,37.5333,-77.4167
Port Huron,43.0,-82.4333
Seattle,47.6,-122.3333
Valentia,51.9333,-10.3
Portland Harbour,50.5833,-2.4333
Tawas City,44.2667,-83.5
Ust-Dunaisk,45.4667,29.7
Seldovia,59.4333,-151.7333
Quincy,42.25,-70.9667
Sodertalje,59.1833,17.65
Tiffin,44.75,-79.85
Uusikaupunki,60.8,21.4
Solvesborg,56.0456,14.5864
Provincetown,42.05,-70.1833
Sandvik,65.7333,23.7667
Saugatuck,42.6667,-86.2
Vestmanna,62.15,-7.1667
Ulvvik,62.6667,17.8667
Yarimca,40.8,29.7
Scapa Bay,58.95,-2.9833
Wisbech,52.6667,0.15
Sandefjorden,59.1006,10.2331
Valloy,59.2581,10.49
Palacios,28.6833,-96.2167
Two Harbors,47.0167,-91.65
Willapa Harbor,46.6833,-123.75
Ronneby,56.1728,15.3014
Vyborg,60.7167,28.75
Orca,60.5833,-145.7167
Seydhisfjordhur,65.2667,-14.0
Pictou,45.6667,-62.7167
Port Clinton,41.5167,-82.9333
Penzance,50.1167,-5.5333
Rye Harbour,50.9333,0.7667
Stocka,61.9,17.35
Skagen Havn,57.7167,10.6
Ornsay,57.15,-5.8
Tenakee Springs,57.7833,-135.2
Tobermory,56.6167,-6.0667
Stokkmarknes,68.5667,14.9167
Perth,56.4,-3.45
Tahkoluoto,61.6333,21.4
Port Orford,42.7333,-124.5
Tranoy,68.1808,15.6736
Rockport,42.6667,-70.6167
Skaerbaek,55.5167,9.6167
Stromness,58.9667,-3.3
Quartermaster Harbor,47.3833,-122.4667
Westview,49.8342,-124.5319
Village Cove,57.1333,-170.2667
Vineyard Haven,41.45,-70.6
Sheboygan,43.75,-87.7
St Andrews East,45.5667,-74.3333
Tacoma,47.2833,-122.4167
Troon,55.55,-4.6833
Richardson,48.45,-122.9
Soderhamn,61.3,17.0833
Toronto,43.6167,-79.3833
Tarbert,52.5833,-9.3667
Prosper,43.15,-124.3667
Varberg,57.1089,12.2325
Police,53.5667,14.5667
Tvedestrand,58.6117,8.9425
Vermilion,41.4333,-82.3667
Vaja,62.9833,17.7167
Westport,46.1333,-123.3833
Wolgast,54.05,13.7833
Teignmouth Harbour,50.55,-3.5
Port Townsend,48.1167,-122.75
Vlissingen,51.45,3.6
Solomon,64.55,-164.4
Ucluelet,48.95,-125.55
Qasigiannguit-Christianshab,68.8167,-51.1833
Wick,58.4333,-3.0833
Warrenton,46.1667,-123.9167
Padstow,50.55,-4.9333
Vaksdal,60.4783,5.7328
Oscoda,44.4167,-83.3167
Varna,43.1833,27.9667
Oslo,59.8981,10.7456
Tvoroyri,61.55,-6.8
Thessalon,46.25,-83.5667
Puerto De Asuncion,-25.2667,-57.6833
Yuzhnyy,46.6,31.0167
Porsgrunn,59.1472,9.6539
Waterfall,55.3,-133.2333
Ronehamn,57.1167,18.5
Temryuk,45.35,37.35
Port Coquitlam,49.2333,-122.7667
Tolkkinen,60.0333,25.5833
Whitstable,51.3667,1.0333
Thisted,56.95,8.7
Waukegan,42.3667,-87.8167
Tuapse,44.1,39.0667
Terneuzen,51.35,3.8167
Sauda,59.6369,6.3411
Ornes,66.8647,13.7069
Whitby,54.4833,-0.6167
Saginaw,43.4333,-83.9333
St Joseph,42.1167,-86.4833
Port Oktyabrsk,46.8333,31.9333
Sanak,54.4833,-162.8167
Studstrup,56.25,10.35
Saint-Valery-Sur-Somme,50.1833,1.6167
Silverdale,47.65,-122.7
Rockland,45.55,-75.3
Platinum,59.0167,-161.8333
St. Mary's (Scilly Isl.),49.9167,-6.3167
Wyman,44.5167,-67.8667
Uyak,57.6333,-154.0
Tongue Point,46.2,-123.75
Port Graham,59.35,-151.8167
Talvik,70.0333,22.95
Pierowall,59.3178,-2.9886
Pond Inlet,72.75,-76.75
Sakskobing,54.8,11.6333
Stusvik,58.0044,7.0342
Svolvaer,68.2333,14.5833
Steamboat Bay,55.5333,-133.6333
Windsor,45.0,-64.15
South Bend,46.6667,-123.7833
St. Michael,63.4833,-162.0333
Sulina,45.1667,29.6667
Puerto Castro,-42.4833,-73.7667
Point Edward,43.0,-82.4167
Sault Ste Marie,46.5,-84.35
Trois Rivieres,46.35,-72.55
Puerto Sauce,-34.4333,-57.45
Visby,57.6333,18.2833
San Juan Cannery,60.05,-148.0667
Szczecin,53.4167,14.55
Stralsund,54.3167,13.1
Vila Do Conde,-1.55,-48.75
Vordingborg,55.0,11.9
Skudeneshavn,59.1433,5.2583
Par,50.35,-4.7
Seaham,54.8333,-1.3167
Woods Hole,41.5167,-70.6667
Qutdleq,61.5167,-42.2167
Womens Bay,57.7167,-152.5167
Southwest Pass,28.45,-90.7
Rostock,54.1,12.1333
Port Vita,58.0667,-153.0667
Sonderborg,54.9167,9.7833
Port Gamble,47.85,-122.5833
Weymouth Harbour,50.6167,-2.45
Pargas,60.2833,22.0667
Westport,53.8,-9.5333
Sullom Voe,60.4667,-1.3
Ottawa,45.4333,-75.7
Skaelskor,55.25,11.3
Port Elgin,44.4333,-81.4
Port Moody,49.2833,-122.8833
Zaandam,52.4333,4.8333
Sheerness,51.45,0.75
Yarmouth Harbour,50.7,-1.5
Oskarshamn,57.2667,16.45
Supsa Marine Terminal,42.1,41.7167
Sundsvall,62.3833,17.35
Sekiu,48.2667,-124.3
Skadovs'k,46.1,32.9167
Vivstavarv,62.4833,17.35
Poole Harbour,50.6833,-1.95
Slite,57.7,18.8167
Vagur,61.4833,-6.8
St Clair,42.8167,-82.4833
Taltal,-25.4,-70.4833
Prudhoe Bay,70.3333,-148.4167
Reedsport,43.7,-124.1
St Placide,45.5333,-74.2
Rainier,46.0833,-122.9333
Villa Constitucion,-33.3,-60.3333
Palisades Point,52.2333,-174.1667
Renfrew,55.8833,-4.3833
Portland,45.5167,-122.6667
Pituffik (Thule Air Base),76.5333,-68.8667
Sombra,42.7167,-82.4833
Wyandotte,42.2,-83.15
Port Credit,43.55,-79.5833
Runavik,62.1167,-6.7167
Rendsburg,54.3,9.6833
Tjotta,65.8211,12.4333
South Haven,42.4,-86.2833
Port Washington,43.3833,-87.8667
Rade De Cherbourg,49.65,-1.6333
Ustka,54.5833,16.85
Yes Bay,55.9167,-131.8
Rudkobing,54.95,10.7167
Sortland,68.6969,15.4219
Rochefort,45.9333,-0.95
Richards Landing,46.3,-84.0333
Skagway,59.45,-135.3333
Tofte,59.5442,10.5706
Whycocomagh,45.9667,-61.1333
Sokhumi,42.9833,40.9833
Palua,8.3667,-62.6833
Skien,59.1997,9.6036
Zeebrugge,51.3333,3.2
Scrabster Harbor,58.6167,-3.55
Superior,46.7333,-92.0667
Port De St Pierre,46.7833,-56.1667
Reni,45.4333,28.3
Tonnay Charente,45.9333,-0.9
Teesport,54.65,-1.1333
Ramsey,54.3167,-4.3667
Siglufjorhurd,66.15,-18.9167
Southampton,44.5,-81.3833
Petersburg,56.8167,-132.95
Sarpsborg,59.2667,11.1
Sochi,43.5833,39.7333
Sackets Harbor,43.95,-76.1167
Tynemouth,55.0,-1.4
Tobermory,45.2667,-81.6667
Southampton,50.9,-1.4
Scheveningen,52.1,4.2667
Rochester,43.2667,-77.6
Sorvaer,70.6272,21.9647
Quebec,46.8167,-71.2167
Paranagua,-25.5,-48.5167
Port Mcnicoll,44.75,-79.8
Stranraer,54.9,-5.0333
Stormont,45.2167,-61.7167
Port Hope,43.95,-82.7
Sand Point,55.3333,-160.5333
Stamsund,68.1211,13.8489
White Lake,43.3833,-86.35
Vastervik,57.7667,16.65
Point Wells,47.7833,-122.4
Rognan,67.1086,15.3978
Plymouth,35.8667,-76.75
Rekefjord,58.3258,6.2583
Thyboron,56.7,8.2167
Port Alice,50.3833,-127.45
Warkworth Harbour,55.3333,-1.5833
Storsteilene,59.8167,10.6075
Port Of Memphis,35.0667,-90.1667
Watchet Harbor,51.1833,-3.3333
Valdez,61.1167,-146.25
Stockvik,62.3333,17.3833
Port William,58.4833,-152.5833
Thurso,45.6,-75.2333
Port Polnochny,54.4,18.7167
Poulsbo,47.7333,-122.65
Vejle,55.7167,9.55
Stege,54.9833,12.2833
Tananger,58.93,5.5708
Put In Bay,41.65,-82.8167
Yandina,-9.0833,159.2167
Pitea,65.3167,21.4833
Trabzon,41.0167,39.7667
Rothesay Harbor,55.8333,-5.05
Port Moller,55.9833,-160.5667
St Helens,45.8667,-122.8
Snug Harbor,60.1,-152.5833
Tromso,69.65,18.9667
Sharpness,51.7167,-2.4833
Two Rivers,44.15,-87.5667
San Blas,-40.5667,-62.2333
Sheguiandah,45.9,-81.9167
Ouzinkie,57.9167,-152.5
Sevastopol,44.6167,33.5333
Youngstown,43.25,-79.05
Port De Roscoff-Bloscon,48.7333,-3.9833
Sligo,54.2667,-8.4667
Port Hastings,45.65,-61.4
Sagvag,59.7717,5.3789
Rothesay Dock,55.9,-4.4
Port Of Rouen,49.45,1.0667
Sodus Bay,43.2667,-76.9833
Simrishamn,55.5583,14.3581
Tanani Point,59.2833,-135.45
Verkeback,57.7333,16.5333
Port Simpson,54.5667,-130.4333
Wiarton,44.75,-81.1333
Port Mcneill,50.5833,-127.0833
Washington Harbor,47.9167,-89.15
Reykjavik,64.15,-21.9333
Valdez Marine Terminal,61.0833,-146.4
Pekalongan,-6.85,109.7
Pohnpei Harbor,6.9833,158.2
Yangzhou,32.2667,119.4333
Sailolof,-1.25,130.75
Sisimiut,66.9167,-53.7
Palembang,-2.9833,104.7667
Tegal,-6.85,109.1333
Semarang,-6.95,110.4167
Rondeau,42.2667,-81.9
Stonington,41.3333,-71.9
Washougal,45.5833,-122.35
Saudarkrokur,65.75,-19.6667
Tri-City Port,38.7167,-90.2
Pevek,69.7167,170.3
Whangaroa,-35.05,173.7667
Straumsvik,64.05,-22.05
Tinian,14.9667,145.6167
Shakotan,43.8667,146.8333
Taicang,31.65,121.2
Tulaghi,-9.1,160.15
Soma,37.8333,140.95
Tarawa Atoll,1.3333,172.9333
Orcas,48.6,-122.9333
Port Allen,21.9,-159.5833
Wilmette,42.0833,-87.6833
Ramba,-2.6167,104.1333
Teluk Beo,4.2333,126.7833
Papeete,-17.5333,-149.5833
Vene-Balti,59.457,24.6564
Virtsu,58.575,23.51
Vanasadam - Port of Tallinn,59.4501,24.7667
Rabocheostrovsk,64.9917,34.7953
Tacloban,11.25,125.0
Samoa,40.8167,-124.1833
Saipan,15.2,145.6833
Tomakomai Ko,42.6333,141.6333
Siasi,5.55,120.8167
Severodvinsk,64.5772,39.7731
Trenton,40.2,-74.7667
Wahai,-2.7833,129.5
Sibolga,1.7333,98.7667
Rembang,-6.7,111.35
Tanjung Benete,-8.9,116.75
Tantawan Marine Terminal,10.0833,101.4167
Tuban,-6.7333,112.15
Vitino,67.0833,32.3167
Tanauan,11.1,125.0167
Whittier,60.7783,-148.6944
Ostrovnoy Gremikha,68.0583,39.5256
Parnu,58.3834,24.48
Uturoa,-16.7333,-151.45
Wonsan,39.1667,127.45
Sirus Oil Terminal,29.0167,49.4833
Suloga Harbor,-9.2167,152.7667
Rohukula,58.9061,23.4239
Queen Carola Harbor,-5.1667,154.55
Senbong,42.3333,130.4
Probolinggo,-7.7167,113.2167
Ryotu Ko,38.0833,138.5667
Pangkalansusu,4.1167,98.2167
Tiksi,71.6444,128.8906
Thingeyri,65.8833,-23.4833
Warwick,37.45,-77.4167
Wu Hu,31.3333,118.3667
Zhangjiangang,31.9667,120.4
Poleng Oil Field,-6.65,112.9167
Vitaz Marine Terminal,52.7,143.55
Vaitape,-16.5,-151.75
Port Rikitea,-23.1167,-134.9667
Waingapu,-9.6333,120.2167
Port Vila,-17.7333,168.3167
Shimminato,36.7667,137.1167
Quonset Point,41.5833,-71.4
Port Dikson,73.5064,80.5061
Port Borongan,11.6,125.4333
Tern Island,23.8667,-166.2833
Paljassaare,59.4591,24.7056
Sillamae,59.4261,27.7395
Port Stanley,42.6667,-81.2
Serui,-1.9,136.25
Poso,-1.3667,120.75
Sungaigerong,-2.9833,104.8333
Shelton,47.2167,-123.1
Pomalaa,-4.1667,121.6
Saumlaki,-7.9833,131.3
Pulau Baai,-3.9167,102.2833
Patani,0.3667,128.75
Rota,14.1333,145.15
Semiahmoo,48.9833,-122.7667
Pukoo,21.0667,-156.8
Weipa,-12.6667,141.8667
Rabigh,22.7333,38.9833
Skerjafjordur,64.15,-22.0167
Zhapu,30.5833,121.0833
Salawati,-1.35,130.9833
Patchogue,40.75,-73.0167
Trieste,45.651,13.746
Port Dalhousie,43.2167,-79.2667
Greenore,54.0333,-6.1333
Kingsville,42.0167,-82.7333
Cork,51.85,-8.2667
Kilroot,54.7333,-5.7167
Cleveland,41.5,-81.7167
Toledo,41.7,-83.4667
Rumoi Ko,43.95,141.6333
Sydney,46.15,-60.2
Monroe,41.8833,-83.3333
Toledo,44.6167,-123.9333
Belfast,54.6167,-5.9
Kilkeel,54.05,-5.9833
Dublin,53.35,-6.25
Pointe Noire,50.1667,-66.4833
Larne,54.85,-5.8
Warren Point,54.1,-6.25
New Ross,52.3833,-6.95
Drogheda,53.7167,-6.3
Cobh,51.85,-8.3
Rosslare,52.25,-6.3333
Provideniya,64.4211,-173.2275
Waterford,52.2667,-7.1167
Pamban,9.2833,79.2167
Uto,59.7833,21.3667
Bay Bulls,47.3167,-52.8167
Miquelon,47.1,-56.3667
Arnold's Cove,47.7648,-53.9811
Long Harbour,47.4236,-53.8268
Grand Bank,47.1,-55.75
Holyrood,47.4,-53.1333
Baie Verte,49.9167,-56.2
St Anthony,51.3667,-55.5667
Carmanville,49.4,-54.2667
Churchill,58.7833,-94.2
Springdale,49.5,-56.0667
Roddickton,50.8667,-56.1333
Lewisporte,49.25,-55.05
Deception Bay,62.15,-74.6833
Nain,56.55,-61.6833
Botwood,49.1333,-55.3333
Twillingate,49.65,-54.7667
Thorlakshofn,63.85,-21.3667
Skagastrond,65.8167,-20.3167
Raufarhofn,66.45,-15.9333
Djupivogur,64.6667,-14.2833
Uummannaq,70.6667,-52.1167
Vopnafjordur,65.75,-14.8167
Thorshofn,66.2,-15.3333
Seydisfjordur,65.2667,-14.0
Grindavik,63.8333,-22.4333
Grundarfjordur,64.9333,-23.25
Faeringehavn,63.6833,-51.5167
Grenivik,65.95,-18.1833
Ammassalik,65.6167,-37.6167
Faskrudsfjordur,64.9167,-14.0167
Helguvik,64.0167,-22.55
Hvammstangi,65.4,-20.95
Soendre Stroemfjord,66.95,-50.95
Kopavogur,64.1167,-21.95
Patreksfjordur,65.6,-24.0
Olafsfjordur,66.0667,-18.65
Stykkisholmur,65.0833,-22.7333
Shediac Harbor,46.2167,-64.5333
Cap des Mechins,49.0,-66.9833
Sheet Harbor,44.9,-62.5
Godbout,49.3167,-67.6
Ile du Cap aux Meules,47.3833,-61.9167
Newport (Canada),48.2667,-64.75
Natashquan,50.0833,-61.7333
St Anns Harbour,46.2833,-60.55
Port Hood,46.0,-61.55
Riverport,44.3,-64.3333
Lunenburg Harbour,44.3667,-64.3
Tadoussac,48.15,-69.7167
Dingwall Harbor,46.9,-60.4667
Richibucto Harbor,46.6833,-64.8667
Crawley Creek,46.15,-60.2233
Havre de la Grande Entree,47.5833,-61.5833
La Malbaie,47.6333,-70.1333
Ile du Gros Cacouna,47.9333,-69.5
Bathurst Harbour,47.6333,-65.6333
Lockeport Harbor,43.7,-65.1167
Baie des Escoumins,48.3508,-69.3892
Baddeck Harbour,46.1,-60.75
Shelburne Harbour,43.75,-65.3167
St Simeon,47.8333,-69.8667
Havre Aubert,47.2333,-61.8333
Pugwash Harbour,45.85,-63.6667
Mingan Harbor,50.2833,-64.0167
Portneuf,46.6833,-71.8833
Arichat Harbour,45.5167,-61.0167
Belledune Harbor,47.9,-65.8333
Port Menier,49.8167,-64.35
Pointe des Roches,47.4167,-70.4
Souris Harbour,46.35,-62.25
Chandler,48.35,-64.6667
Puerto Morelos,20.85,-86.8833
Old Ferolle Harbor,51.0833,-56.8833
St. Barbe Harbor,51.2,-56.7667
Port Saunders,50.65,-57.2833
Great Jervis Harbor,47.65,-56.1833
Hawkes Habor,50.6167,-57.3
Marmorilik,71.1333,-51.2667
Reydarfjordur,65.0333,-14.1
Stodhvarfjordur,64.8333,-13.8833
Sandgerdi,64.0333,-22.7167
Litlisandur,64.3833,-21.45
Borgarnes,64.55,-21.9167
Yantian,22.5833,114.2667
Zhangzhou,24.6833,118.15
Xiuyu,25.2333,118.9833
Quanzhou,24.8833,118.6
Porvoo,60.3,25.6333
Stanley,-51.7,-57.8333
Zhuhai,22.2333,113.5833
Shekou,22.4667,113.8667
Primorsk,60.3667,28.6333
Pori,61.4833,21.8
Pontrieux,48.7095,-3.1462
Ust Luga,59.6667,28.3167
Puerto Yartou,-53.8833,-70.15
Zhenjiang,32.2167,119.4333
Victoria Harbor,48.4333,-123.3833
Vancouver,49.2833,-123.1167
Port Alberni,49.2333,-124.8167
Abu Qir,31.324,30.0785
St George's,12.05,-61.75
Sankt-Peterburg,59.9333,30.3
Rahja,64.2178,23.6797
Mehamnfjorden,71.0413,27.8353
Fiborgtangen,63.7176,11.148
Jossingfjord,58.3149,6.3332
Nesna,66.201,13.0101
Haakonsvern,60.3332,5.2353
Turku,60.45,22.2333
Kunda,59.5278,26.5472
Rada Punta Arenas,-53.1667,-70.9
Sidi Kerir (Kurayr),31.0567,29.6704
Dongshan,23.7567,117.505
Kyndbyvaerkets,55.8167,11.8833
Berbera,10.45,45.0167
Burriana,39.8833,-0.05
Itajai,-26.9167,-48.6333
Nouakchott,18.0333,-16.0333
Santa Clara,-20.8833,-51.3667
Campeche,19.85,-90.55
Monrovia,6.3167,-10.8167
Alborg,57.05,9.9333
Hirtshals,57.6,9.9667
Thanh Hoa,10.8167,106.7667
Bridgetown,13.1,-59.6333
Gwangyang Hang,34.9085,127.7501
Kingston,-29.0667,167.95
Apia,-13.8167,-171.7667
Kingstown,13.15,-61.2333
Kunsan,35.9833,126.6167
Puerto Padre,21.2833,-76.5333
Fort De France,14.6,-61.0667
Vieux Fort,13.7167,-60.9667
Vita,21.1,-75.9667
Wake Island,19.2833,166.6167
Caracasbaai,12.0667,-68.8667
Goto Oil Terminal,12.2167,-68.3833
Nauru,-0.5333,166.9167
Apra Harbor,13.45,144.6167
Nikol Skoye,55.2,165.9833
Bahia De Matarani,-17.0,-72.1167
Barranquilla,10.9667,-74.7667
Galeota Point Terminal,10.1333,-60.9833
Carupano,10.7,-63.25
Guiria,10.5667,-62.3
Georgetown,6.8333,-58.1667
Gronnedal (Kangilinnguit),61.2333,-48.1
Port Of Ilheus,-14.7833,-39.0167
Kirteh Oil Terminal,4.5667,103.4667
Khanom,9.2,99.9
Laem Chabang,13.0833,100.8833
Cat Lai,10.75,106.7833
Songkhla Harbor,7.2167,100.5833
Siam Seaport,13.1333,100.8833
Si Racha,13.1667,100.9167
Phu My,10.5833,107.0333
Thanh Ho Chi Minh,10.7667,106.7167
Petchburi Terminal,13.1667,100.15
Mui Vung Tau,10.3167,107.0667
Fang-Cheng,21.75,108.35
Bang Saphan,11.1833,99.6
Vinh Cam Ranh,11.8833,109.1667
Hai Phong,20.9167,106.6833
Bangkok,13.75,100.5
Si Racha Terminal,13.1167,100.8833
Sattahip,12.6167,100.9167
Qui Nhon,13.7667,109.2333
Ko Si Chang Terminal,13.1667,100.8167
Vung Tau,10.35,107.0667
El Palito,10.4833,-68.1167
Ningbo,29.8833,121.55
Las Piedras,11.7,-70.2167
Amuay (Bahia De Amuay),11.75,-70.2333
Catia La Mar,10.6,-67.0167
Lianyungang,34.7333,119.45
Puerto Borburata,10.4833,-67.9833
Puerto Chichiriviche,10.9167,-68.2667
Salina,12.0833,-68.2833
Shanghai,31.2167,121.5
Rizhao,35.3833,119.5667
Lanshan,35.08,119.3667
Wenzhou,28.0167,120.65
Qingdao Gang,36.0333,120.2667
Basseterre,17.3,-62.7167
Bahia De Fajardo,18.3333,-65.6333
Charlestown,17.1333,-62.6333
Puerto Yabucoa,18.05,-65.8333
Playa De Humacao,18.1667,-65.75
Oranjestad,17.4833,-62.9833
Bahia San Nicolas,-15.25,-75.2333
Puerto Ilo,-17.6333,-71.3667
Punta Lobitos (Bahia De Huarmey),-10.1,-78.1667
Puerto Supe,-10.8,-77.75
Port Beringovsky,63.0631,179.3675
Kijang,0.85,104.6
Johor,1.4333,103.9
Bahia De Valparaiso,-33.0333,-71.6167
Lirquen,-36.7167,-72.9833
Bahia San Vicente,-36.7333,-73.1667
Bahia De Valdivia,-39.8,-73.25
Itaqui,-2.5667,-44.3667
Manaus,-3.1333,-60.0167
Itacoatiara,-3.15,-58.45
Chaguaramas,10.6833,-61.65
Brighton,10.25,-61.6333
Jurong Island,1.2833,103.7333
Dabo,-0.5,104.5667
Coronel,-37.0333,-73.1667
Bahia Quintero (Ventanas),-32.7667,-71.5333
Lota,-37.1,-73.15
Bahia Herradura Guayacan,-29.9667,-71.3667
Huasco,-28.4667,-71.25
Altamira,22.4833,-97.85
Anse Tembladora,10.6833,-61.5833
Porto Santana,-0.05,-51.1833
Scarborough,11.1833,-60.7333
Tuxpan,20.95,-97.4
Point Lisas Industrial Port,10.4,-61.5
Ramallo,-33.4833,-60.0167
Talcahuano,-36.7,-73.1
Tocopilla,-22.0833,-70.2333
Point Lisas Port,10.3833,-61.4833
Villa Constitucion,-33.2333,-60.3333
Santarem,-2.4167,-54.7167
Penco,-36.7167,-73.0
San Nicolas,-33.3333,-60.2333
Puerto Ibicuy,-33.75,-59.1833
Tampico,22.2167,-97.8667
San Pedro,-33.5833,-59.8167
Port Of Spain,10.65,-61.5167
Zarate,-34.0833,-59.0333
Puerto De Corral,-39.8667,-73.4333
Tanjunguban,1.0667,104.2167
Pulau Sebarok,1.2,103.8
Pulau Sambu,1.1667,103.9
Pulau Bukom,1.2333,103.7667
Sekupang,1.1333,103.9167
Tanjungpinang,0.9167,104.45
Bluff Harbor,-46.6,168.3333
Westport,-41.75,171.6
Pelotas,-31.7833,-52.3333
Ushuaia,-54.8167,-68.3
Puerto Natales,-51.7167,-72.5667
Puerto Nacional,-38.8,-62.2833
Rio Grande,-32.05,-52.0833
Puerto Galvan,-38.7833,-62.3
Puerto Rosales,-38.9333,-62.0667
Puerto Ingeniero White,-38.8,-62.2667
Puerto San Martin,-32.7167,-60.7333
Puerto Williams,-54.9333,-67.6
Puerto Belgrano,-38.8833,-62.1
Tramandai,-29.9833,-50.1333
Puerto Chacabuco,-45.4667,-72.8333
Dussafu Terminal,-4.25,10.8167
Kavonisi-Kissamos,35.5167,23.6333
Subic Bay,14.8,120.2667
San Fernando Harbor,16.6167,120.3167
Tabaco,13.3667,123.7333
Virac,13.5833,124.25
Manila,14.5833,120.9667
Claveria,18.6167,121.0833
Mariveles,14.4333,120.4833
Calapan,13.4167,121.1833
Legazpi Port,13.15,123.75
Aparri,18.3667,121.6333
Batangas City,13.75,121.05
Masinloc,15.55,119.95
Karskar,60.6833,17.2667
Iggesund,61.65,17.0833
Skelleftehamn,64.6833,21.2333
Hanasaki Ko,43.2833,145.5833
Nemuro Ko,43.3333,145.5833
Esasi Ko,41.8667,140.1167
Mori,42.1167,140.5833
Otaru Ko,43.2,141.0167
Wakkanai,43.4167,141.6833
Kristinestad,62.2833,21.4
Pietarsaari,63.6833,22.6667
Kemi,65.7333,24.5667
Loksa,59.5834,25.6989
Toliara,-23.3667,43.6667
Mananjary,-21.25,48.3333
Morondava,-20.2833,44.3
Tan-Shui,25.1833,121.4
Rundvik,63.5333,19.45
Manakara,-22.1167,48.05
Tolanaro,-25.0333,47.0
Loviisa,60.45,26.2333
Porkkala,60.0833,24.3833
Tai-Chung Kang,24.3,120.5
Toamasina,-18.1667,49.4167
Port Louis,-20.15,57.5
Karlsborg,65.8,23.2833
Andoany,-13.4,48.3
Diego Garcia,-7.35,72.4667
Hua-Lien Kang,23.9833,121.6
Kao-Hsiung,22.6167,120.25
Hargshamn,60.1833,18.45
Vallvik,61.1833,17.1667
Skutskar,60.65,17.4
Mcmurdo Station,-77.85,166.65
Lumut,4.7167,114.45
Bandar-E Shahid Rejaie,27.1,56.0667
Grenaa Havn,56.4167,10.9333
Horsens,55.8667,9.85
Puerto De Chimbote,-9.0833,-78.6167
Randers,56.4667,10.05
Sapangar Bay,6.0833,116.1167
Muara Harbor,5.0333,115.0667
Tanjung Arang  (Bunyu),3.4667,117.8333
Iquitos,-3.75,-73.2333
Kingston,17.9667,-76.7833
Ocho Rios,18.4167,-77.1167
Montego Bay,18.4667,-77.9333
Jacmel,18.2333,-72.5333
Basse Terre,16.0,-61.7333
Lucea,18.45,-78.1667
Falmouth,18.4833,-77.65
Miragoane,18.45,-73.0833
Parana,-31.7167,-60.5333
Santo Tomas De Castilla,15.7,-88.6167
Puerto Barrios,15.7333,-88.6
Portsmouth,15.5667,-61.4667
Roseau,15.3,-61.4
Petit Goave,18.4333,-72.8667
Rocky Point,17.8167,-77.15
Pointe A Pitre,16.2333,-61.5333
Savannah La Mar,18.2,-78.1333
Rio Bueno,18.4667,-77.4667
Port Esquivel,17.8833,-77.1333
Port Au Prince,18.55,-72.35
Port Kaiser,17.8667,-77.6
Owen Sound,44.5833,-80.9333
Gdynia,54.5333,18.55
Kobenhavn,55.7,12.6167
Roomassaare,58.215,22.5069
Svelvik,59.6203,10.4114
Lysekil,58.2714,11.4442
Helsingborg,56.0353,12.6878
Lubeck,53.8833,10.7
Stromstad,58.9333,11.1667
Ventspils,57.4,21.5333
Degerhamn,56.35,16.4167
Gove,-12.2,136.7
Karlshamn,56.1528,14.8692
Klaipeda,55.7167,21.1167
Thunder Bay,48.4,-89.2333
Ahus,55.9275,14.3281
Vasteras,59.6167,16.55
Kalundborg,55.6833,11.1
Larvik,59.0381,10.0311
Kragero,58.8636,9.4131
Nekso,55.0667,15.1333
Ronne,55.1,14.7
Stigsnaesvaerkets Havn,55.2,11.25
Saaremaa sadam,58.5361,22.2361
Salaverry,-8.2333,-78.9833
Riga,56.95,24.1
Trelleborg,55.36,13.1506
Tuborg,55.7167,12.5833
Almirante,9.3,-82.4
Bocas Del Toro,9.3333,-82.2333
Chiriqui Grande,8.95,-82.1167
Excursion Inlet,58.4167,-135.45
Haines,59.2333,-135.4333
Juneau,58.3,-134.4167
Funter,58.25,-134.9
Hawk Inlet,58.1167,-134.75
Chatham,57.5167,-134.9333
Hoonah,58.1167,-135.45
Hydaburg,55.2,-132.8333
Kasaan,55.5333,-132.4
Metlakatla,55.1333,-131.5667
Masset Harbor,54.0167,-132.15
Kake,56.9667,-133.9333
Dupont,58.2333,-134.2667
Moskal Vo,53.5833,142.5
Ketchikan,55.3333,-131.65
Elfin Cove,58.2,-136.35
Lesogorsk,49.45,142.1333
Loring,55.6,-131.6333
Big Port Walter,56.3833,-134.7333
Little Port Walter,56.3833,-134.6333
Okhotsk Iy Reyd,59.3667,143.2
Shakhtersk,49.1667,142.0667
Poronaysk,49.2167,143.1333
Bukhta Nagayeva (Magadan),59.5667,150.7167
Uglegorsk,49.0833,142.0333
Nikolayevsk Na Amur,53.1333,140.7333
Petropavlovsk,53.05,158.65
Nevelsk,46.6667,141.8667
Kholmsk,47.05,142.05
Sovetskaya Gavan,48.9736,140.2681
Bukhta Vanino,49.0833,140.2833
Korsakov,46.6167,142.7667
Port Walcott,-20.65,117.1833
Covenas,9.4167,-75.6833
Bahai De La Habana,23.1333,-82.3667
Mariel,22.9833,-82.75
Cabanas,23.0,-82.9667
Campana,-34.15,-58.9667
Narsaq,60.9167,-46.05
Andres (Andres Lng Terminal),18.4333,-69.6333
Las Calderas,18.2167,-70.5167
Turbo,8.0833,-76.7333
Pimentel,-6.8333,-79.9333
Slavyanka,42.8667,131.3833
Puerto Viejo De Azua,18.35,-70.8333
Zarubino,42.6333,131.0833
Santa Cruz De Barahona,18.2,-71.0833
Puerto De Haina,18.4167,-70.0167
Santo Domingo,18.4667,-69.8833
Vladivostok,43.1089,131.8883
Pos'yet,42.65,130.8
Nakhodka,42.8,132.8833
Santa Lucia,22.6667,-83.9667
Qaqortoq,60.7167,-46.0333
Bahia Honda,22.9667,-83.1667
Niigata Ko,37.9167,139.05
Ofunato,39.05,141.7333
Miyako,39.6333,141.9833
Kesennuma Ko,38.8667,141.6
Onagawa,38.45,141.45
Fushiki-Toyama,36.7667,137.1333
Naoetsu Ko,37.1833,138.25
Tokachi,42.25,143.3
Sakata Ko,38.9333,139.8167
Akita-Funakawa Ko,39.7814,140.015
Vlore,40.4667,19.5
Hamad,25.0167,51.6
Timaru,-44.4,171.25
Otago Harbor,-45.8167,170.6333
Batsfjord,70.6347,29.7372
Noumea,-22.2833,166.4333
Savusavu Bay,-16.7667,179.3333
San Lorenzo,-32.75,-60.7333
Baie De Kouaoua,-21.3833,165.8167
Baie Ugue,-21.15,165.55
Pangai,-19.8,-174.35
Al Fujayrah,25.1731,56.3692
Malai,-16.35,179.3667
Lautoka Harbor,-17.6,177.45
Suva Harbor,-18.1333,178.4167
Orkanger,63.3167,9.85
Avatiu,-21.2,-159.7833
Rosario,-32.95,-60.6333
Levuka,-17.6833,178.8333
Neiafu,-18.65,-173.9833
Mata-Utu,-13.2833,-176.1333
Midway Island,28.1833,-177.3667
Alofi,-19.0333,-169.9333
Pago Pago Harbor,-14.2833,-170.6667
Nuku Alofa,-21.1333,-175.2
Ambon,-3.6833,128.1667
Tg. Sorong,-0.8833,131.2333
Banjul,13.45,-16.5667
Conchan Oil Terminal,-12.1667,-77.0
La Salina,10.3667,-71.4667
Arroyo,17.9667,-66.0667
Bahia De Sagua De Tanamo,20.6833,-75.3333
Antilla,20.8333,-75.7333
Nicaro,20.7167,-75.55
Aguadilla,18.4333,-67.15
Bahia De Jobos,17.95,-66.1833
Mayaguez,18.2,-67.15
Bajo Grande,10.5167,-71.6333
Caleta Patillos,-20.7333,-70.2
Bahia De Ancon,-11.75,-77.1833
La Libertad,-2.2167,-80.9167
Arecibo,18.4833,-66.7
Las Mareas,17.95,-66.1667
El Tabiazo,10.7667,-71.5333
Okrika,4.7167,7.0833
Puerto Calderilla,-27.0833,-70.8667
Qua Iboe Oil Terminal,4.2333,8.0333
Puerto Caldera,-27.05,-70.8333
Rio Cacheu,12.2833,-16.2333
Punta De Palmas,10.7833,-71.5833
Puerto De Huacho,-11.1167,-77.6167
Puerto Del Callao,-12.05,-77.15
Talara,-4.5833,-81.2833
San Juan,18.4667,-66.1167
Serpentina Terminal,3.8,8.0833
Puerto Chanaral,-26.35,-70.65
Paita,-5.0833,-81.1167
Playa De Guanica,17.9667,-66.9167
Puerto Bolivar,-3.2667,-80.0
Playa De Ponce,17.9833,-66.6167
Playa De Guayanilla,18.0167,-66.7667
Qinzhou,21.7333,108.5833
Da Nang,16.1,108.2167
Zhanjiang,21.2,110.4
Haikou,20.05,110.2833
Port Moresby,-9.4667,147.1333
Rabaul,-4.2,152.1833
Beihai,21.4833,109.0667
Dili,-8.5333,125.5833
Basuo,19.1,108.6167
Sanya,18.3167,109.45
Yangpu,19.7333,109.1833
Nghe Tinh,18.7667,105.7667
Kavieng Harbor,-2.5833,150.8
Shui Dong,21.4833,111.0833
Cam Pha,21.0333,107.3667
Oro Bay,-8.8833,148.4833
Okwori Terminal,3.85,6.9833
Bahia Blanca,-38.7833,-62.2667
Jabung Batanghari Marine Terminal,-0.9167,104.0667
Chi-Lung,25.1333,121.7667
Ishinomaki Ko,38.4,141.3167
Diamante,-32.0667,-60.65
Santa Fe,-31.65,-60.7
Punta Cardon,11.6333,-70.2333
St Johns,17.1167,-61.85
Tanjung Pelepas,1.35,103.55
Tanjung Balai Karimun,0.9833,103.4333
Su-Ao,24.6,121.8667
Sampit,-2.5167,113.0
Porto Romano,41.3833,19.4167
Pelabuhan Sandakan,5.8333,118.1167
Muroran Ko,42.35,140.9667
Kota Kinabalu,5.9833,116.0667
Hitachi,36.5,140.6333
Onahama Ko,36.9333,140.9
Kawasaki Ko,35.5,139.7667
Yokohama Ko,35.45,139.5833
Lae,-6.7333,147.0
Kumai,-2.75,111.7167
Blinyu,-1.6333,105.7833
Banjarmasin,-3.3333,114.5833
Pontianak,-0.0167,109.3333
Madang,-5.2167,145.8167
Kuching,1.5667,110.35
Bintulu Port,3.2667,113.0667
Samarinda,-0.5167,117.1167
Kudat,6.8833,116.85
Al Arish,31.152,33.8311
Helgoland,54.1724,7.8957
Angra Dos Reis,-23.0167,-44.3167
Macae,-22.3667,-41.7667
Daesan Hang,37.0167,126.4
Sao Sebastiao,-23.8,-45.4
Rio De Janeiro,-22.9,-43.1667
Vitoria,-20.3167,-40.3333
Tubarao,-20.2833,-40.25
Progreso,21.2833,-89.6667
Krishnapatnam,14.25,80.1333
Kattupalli Port,13.3069,80.3522
Puerto Progreso,21.35,-89.6833
Melaka,2.2,102.25
Inchon,37.4667,126.6167
Mukho,37.5667,129.1167
Tonghae,37.5333,129.15
Pyeongtaek Hang,37.0,126.8
Chinae,35.1333,128.65
Mokpo,34.7833,126.3833
Gebig,-23.05,-44.2167
Santos,-23.95,-46.3
Koko,6.0,5.4667
Escravos Oil Terminal,5.5,5.0
Guaiba Island Terminal,-23.0167,-44.0333
Niteroi,-22.8833,-43.1167
Portocel,-19.85,-40.05
Ulsan,35.45,129.4
Busan,35.1,129.0333
Pohang,36.05,129.3833
Masan,35.1833,128.5667
Farsund,58.0847,6.7953
Chennai (Madras),13.1,80.3
Marmagao,15.4175,73.795
La Pampilla Oil Terminal,-11.9333,-77.1333
Vishakhapatnam,17.6833,83.3
Port Blair,11.6778,92.7333
Chancay,-11.5833,-77.25
Cherry Point,48.8667,-122.75
Bellingham,48.75,-122.5
Anacortes,48.5167,-122.6167
Muhamamad Bin Qasim,24.7667,67.35
Castine,44.3833,-68.7333
Maizuru Ko,35.5167,135.3333
Karachi,24.7833,66.9833
Port Mellon,49.5167,-123.4833
Hambantota,6.1167,81.1333
Hakodate Ko,41.7833,140.7167
Nanao Ko,37.05,136.9833
Male,4.1667,73.5
Colombo,6.95,79.85
Ishikari Bay New Port,43.2167,141.2833
Machilipatnam,16.15,81.1667
Port Adelaide,-34.85,138.5
Klein Point,-34.9667,137.7667
Port Lincoln,-34.7167,135.85
Port Giles,-35.0333,137.7667
Port Pirie,-33.1833,138.0167
Puerto Bayovar,-5.8333,-81.05
Puerto Madryn,-42.7667,-65.0333
Fremantle,-32.05,115.75
El Bosque,10.4,-75.5333
Mamonal,10.3167,-75.5167
Puerto Cabo Blanco,-4.25,-81.2333
Puerto Cristobal,9.35,-79.9167
Puerto Colon,9.3667,-79.8833
Whyalla,-33.0333,137.5833
Cape Cuvier,-24.2167,113.3833
Wallaroo,-33.9333,137.6167
Esperance,-33.8667,121.9
Ardrossan,-34.4333,137.9167
Kingscote,-35.6333,137.6333
Portland,-38.3333,141.6
Thevenard,-32.1667,133.65
Port Bonython,-33.0167,137.7667
Mar Del Plata,-38.0333,-57.5333
Useless Loop,-26.0833,113.4
Iquique,-20.2,-70.1667
Antofagasta,-23.65,-70.4167
Caleta Lobitos,-4.45,-81.2833
Wyndham,-15.4667,128.1
Geraldton,-28.7833,114.6
Darwin,-12.4714,130.8478
Milner Bay,-13.8667,136.4167
Bunbury,-33.3167,115.6333
Albany,-35.0333,117.8833
Onslow,-21.65,115.1
Broome,-17.9667,122.2333
Buenaventura,3.8833,-77.0667
Esmeraldas,1.0,-79.65
Tumaco,1.8167,-78.75
Western Port,-38.35,145.2333
Manta,-0.95,-80.7167
Karumba,-17.4833,140.8333
Guayaquil,-2.2,-79.8833
Greenock,55.95,-4.75
Lerwick,60.167,-1.15
Aberdeen,57.15,-2.0833
Cebu South Port (CSPIC),10.2333,123.8
Brightlingsea,51.8043,1.0197
Sukhodol,43.2283,132.3183
Rio Grande,-53.7833,-67.6833
Kieta,-6.2167,155.6333
Punta Europa Terminal,3.7833,8.7167
Puerto San Julian,-49.3167,-67.7
Khalifa Bin Salman,26.1833,50.7
Puerto Sara,-52.6333,-70.2
Kushiro Ko,42.9833,144.3667
Kamaishi Ko,39.2667,141.9
Moudi Marine Terminal,4.1167,8.4833
Okono Terminal,3.9833,7.3
Odudu Terminal,4.0,7.7667
Luba,3.5,8.5667
Ebome Marine Terminal,2.8,9.8167
Kome Kribi 1 Marine Terminal,2.9167,9.8
Yoho Terminal,4.0167,7.4667
Comodoro Rivadavia,-45.8667,-67.4667
Abashiri Ko,44.0167,144.2833
San Sebastian Bay,-53.1667,-68.5
Puerto Maritimo De Guayaquil,-2.2833,-79.9
Vostochnyy,42.75,133.0833
Djibouti,11.6,43.1333
Ipswich,52.05,1.1667
Caleta Mina Elena,-52.6833,-71.9
Sendai-Shiogama,38.3167,141.0333
Puerto Deseado,-47.75,-65.9
Puerto Gallegos,-51.6167,-68.9667
Onne,4.6833,7.15
Hachinohe Ko,40.5333,141.55
Bonny Offshore Terminal,4.1833,7.2333
Lazarev,52.2167,141.5167
Caleta Clarencia,-52.9,-70.1
Punta Delgada,-52.4667,-69.55
Rufisque,14.7117,-17.28
Salina Cruz,16.1667,-95.2
San Juan De La Costa,24.4,-110.7
Kpeme,6.2,1.5167
Corinto,12.4833,-87.1667
Fortune,47.0733,-55.8307
Xiamen,24.45,118.0667
Puerto Sandino,12.1833,-86.7667
Fuzhou,26.0833,119.3
Acajutla,13.5833,-89.8333
Pichilingue,24.2667,-110.3333
Puerto Morro Redondo,28.05,-115.1833
Manzanillo,19.05,-104.3167
Santa Rosalia,27.3333,-112.2833
Puerto De San Lorenzo,13.4,-87.45
Balboa,8.95,-79.5667
Harbour Breton,47.4833,-55.8
Puntarenas,9.9833,-84.8333
Lekki,6.4232,4.0082
Topolobampo,25.6,-109.0667
Bay Roberts,47.5891,-53.2627
Puerto Quepos,9.4333,-84.1667
Burgeo,47.6167,-57.6
Pedregal,8.35,-82.4333
Paldiski South Harbor,59.3333,24.0811
Mazatlan,23.2,-106.4167
Port Union,48.5,-53.0833
Marystown,47.1833,-55.1167
Ensenada,31.8667,-116.6333
Puerto Quetzal,13.9167,-90.8
Puerto Armuelles,8.2667,-82.85
St John's,47.5667,-52.7
Chittagong,22.3167,91.8167
Puerto Madero,14.7,-92.45
Acajutla Offshore Terminal,13.5833,-89.8667
Placentia Bay,47.2536,-54.0142
San Diego,32.7167,-117.1833
Isla San Marcos,27.1833,-112.1
Golfito,8.6333,-83.1667
Catalina Harbor,48.5161,-53.0706
La Paz,24.1667,-110.3167
Los Angeles,33.75,-118.25
Long Beach,33.7667,-118.1833
Vacamonte,8.8667,-79.6667
Corner Brook,48.95,-57.95
Paldiski Northern Port,59.3498,24.0475
Shan T Ou,23.3667,116.6833
Lazaro Cardenas,17.9333,-102.1667
Port Aux Basques,47.5667,-59.1333
Muuga-Port of Tallin,59.5,24.9667
Long Pond,47.5192,-52.9784
Puerto Vallarta,20.6167,-105.2667
Charco Azul,8.2167,-82.8667
Guaymas,27.9167,-110.9167
Abidjan,5.25,-4.0167
Acapulco,16.85,-99.9333
Rosarito,32.3667,-117.1
La Union,13.3333,-87.8333
Puerto Caldera,9.9167,-84.7167
Walvis Bay,-22.95,14.5
Tin Can Island,6.4344,3.3487
Gizo Harbor,-8.1,156.85
Kumul,-8.1,144.5667
Kasim Terminal,-1.3,131.0167
Amamapare,-4.8167,136.9667
Daru,-9.0667,143.2
Alotoa,-10.3167,150.45
Port Noro,-8.2167,157.1833
Ringgi Cove,-8.1167,157.1
Samarai,-10.6167,150.6667
Vanimo,-2.6833,141.1333
Port Gentil,-0.7,8.8
Georgetown,-7.9333,-14.4167
Wewak Harbor,-3.5667,143.6333
Jayapura,-2.5333,140.7167
Port Harcourt,4.7667,7.0
San Pedro,4.7378,-6.6111
Torshavn,62.0,-6.75
Lome,6.1333,1.2833
Matadi,-5.8167,13.45
Port Owendo,0.2833,9.5
Miramichi,47.0167,-65.5
Belize City,17.5,-88.1833
Cape Town,-33.9167,18.4167
Malabo,3.75,8.7833
Sekondi,4.95,-1.7
Faslane,56.0639,-4.8195
Cartagena,10.4167,-75.5333
Tema,5.6319,0.0156
Sapele,5.9,5.6833
Luanda,-8.8,13.25
Largs,55.8,-4.8667
Oban,56.4167,-5.4833
Bata,1.8667,9.7667
Lobito,-12.3333,13.5667
Cotonou,6.35,2.4333
Prince Rupert,54.3167,-130.3333
Corpach,56.85,-5.1167
Canaport (St. John),45.2,-65.9833
Namibe,-15.2,12.15
Bonny,4.45,7.1667
Aultbea,57.8333,-5.5833
Merauke,-8.4833,140.3833
Calabar,4.9667,8.3167
Espoir Marine Terminal,5.05,-4.45
Pointe Noire,-4.7833,11.8333
Sao Tome,0.35,6.7333
Dundee,56.4667,-2.95
Cap Lopez,-0.6333,8.7167
Broadford Bay,57.25,-5.8833
Libreville,0.3833,9.45
Halifax,44.65,-63.5833
Douala,4.05,9.6833
Sept Iles,50.2,-66.3833
Tangshan (Jingtang),39.2,119.0167
St John,45.2667,-66.05
Lagos,6.4,3.4
Invergordon,57.6833,-4.1667
Limboh Terminal,3.9833,9.15
Luderitz Bay,-26.65,15.15
Yarmouth Harbor (Canada),43.8333,-66.1167
Goldboro,45.1833,-61.65
Glasgow,55.8667,-4.35
Port Hawkesbury,45.6167,-61.3667
Takoradi,4.8833,-1.7333
Cebu,10.3,123.9
Lawi Lawi Oil Terminal,-1.45,116.7667
Balikpapan,-1.25,116.8167
Lutong,4.4667,114.0
Miri,4.3833,113.9667
Keppel - (East Singapore),1.2833,103.85
Bontang Lng Terminal,0.1,117.4833
Bintangor,2.1667,111.6333
Bakapit,4.95,118.5833
North Pulau Laut Coal Terminal,-3.2,116.2833
Isabel,10.9167,124.4333
Dumaguete,9.3167,123.3
Jimenez,8.3333,123.8667
Iligan,8.2333,124.2333
Kuala Belait,4.6333,114.2
Lahad Datu,5.0167,118.3167
Kota Baru,-3.2333,116.2167
Luwuk,-0.95,122.8
Bais,9.6,123.1167
Lazi,9.1333,123.6333
Cagayan De Oro,8.5,124.6667
San Carlos,10.4833,123.4167
Port Ozamis,8.1333,123.85
Stagen,-3.3,116.15
Palompon,11.05,124.3833
Sarikei,2.1333,111.5333
Tawa,4.25,117.8833
Sibu,2.2833,111.8167
Tagbilaran,9.65,123.85
Tubigan,9.95,123.9667
Senipah Oil Terminal,-0.95,117.1667
Pagadian,7.8333,123.4333
Tanah Merah,-1.8167,116.1667
Ternate,0.7833,127.3833
Ormoc,11.0,124.6
Seria Oil Loading Terminal,4.6167,114.3167
Toledo,10.3667,123.6333
El Guamache,10.9,-64.1
Puerto De Hierro,10.6333,-62.1
La Guaira,10.6167,-66.9333
Cumana (Puerto Sucre),10.4667,-64.1833
Kralendijk,12.15,-68.2833
Puerto Cabello,10.4833,-68.0
Puerto Miranda,10.7667,-71.5667
Porto Ponte Romano,39.0556,8.4678
Limassol,34.6489,33.0197
Cairns,-16.9167,145.7833
Mourilyan Harbour,-17.6,146.1333
Mackay,-21.1167,149.2167
Beauty Point,-41.15,146.8167
Launceston,-41.45,147.1167
Opua,-35.3167,174.1167
Gisborne,-38.6667,178.0333
Port Huon,-43.1667,146.9833
Port Dalrymple,-41.1333,146.8333
Welshpool,-38.7,146.4667
Burnie,-41.05,145.95
Eden,-37.0667,149.9167
Stanley,-40.7667,145.2833
Hobart,-42.8833,147.3333
Koper,45.55,13.7333
Burutu,5.35,5.5
Conakry,9.5194,-13.7167
Port Kembla,-34.4634,150.9
Auckland,-36.8385,174.7716
Victoria,-4.6233,55.4642
Port Lyttelton,-43.6067,172.718
Whangarei,-35.8,174.4333
Veracruz,19.2,-96.1333
Maracaibo,10.6333,-71.6
Dampier,-20.6333,116.7167
Lucinda,-18.5167,146.3333
Brisbane,-27.4,153.1515
Gioia Tauro,38.444,15.89
Puerto Cortes,15.8333,-87.95
Sint Nicolaas Baai,12.4333,-69.9167
Palma De Mallorca,39.5667,2.6333
Port Hedland,-20.3194,118.5722
Thursday Island,-10.5833,142.2167
Puerto La Cruz,10.25,-64.6333
Baubau,-5.4667,122.6167
Sant'Antioco,39.066,8.46
Volos,39.3544,22.9403
Melbourne,-37.8333,144.9667
Genova,44.4067,8.8614
Bahia De Las Minas,9.4,-79.8167
Newcastle,-32.9167,151.7833
Geelong,-38.15,144.3667
Botany Bay,-34.0,151.2333
Giulianova,42.756,13.979
Devonport,-41.1833,146.3667
Puerto De Carboneras,36.9836,-1.8972
Port Alma,-23.5833,150.85
Marsaxlokk,35.8267,14.5483
Malaga,36.7167,-4.4167
Samsun,41.3,36.35
Sousse,35.8247,10.6447
Bullen Baai,12.1833,-69.0333
Bermeo,43.4192,-2.7156
Gladstone,-23.85,151.25
Porto Cervo,41.1353,9.5308
Kismaayo,-0.3867,42.5439
Belgorod-Dnestrovsky,46.1819,30.3764
Port Latta,-40.8333,145.3833
Willemstad,12.1167,-68.9333
Cape Flattery Harbor,-14.95,145.35
Sydney,-33.8667,151.2
Pointe A Pierre,10.3167,-61.4667
Coatzacoalcos,18.15,-94.4167
Tauranga,-37.6333,176.1667
Bundaberg,-24.8667,152.35
Hay Point,-21.2833,149.3
Constanta,44.1667,28.65
Point Fortin,10.2,-61.7
Wellington,-41.2833,174.7833
Manukau Harbor,-36.9333,174.7833
Paarden Baai - (Oranjestad),12.5167,-70.0333
Townsville,-19.2478,146.8334
Izmir,38.4547,27.1464
Puerto Castilla,16.0,-85.9833
Nanaimo,49.1667,-123.9333
